category,name,admit,stream_domain,water_class,measure_area_hectare,announce_date_roc,kml_url,document_pdf_url,illustration_url,latitude,longitude,geocode_method,source_name,source_url,township,address,phone,principal,class_count,student_count,teacher_count,kindergarten_class_count,kindergarten_teacher_count,school_year,ownership,service_type,approved_capacity,bed_count,license_date,institution_code,district,departments
water_source,霧社第一,南投縣,烏溪,甲,12.17,871009,https://sites.google.com/site/drinkwaterprotectarea/url/%E9%9C%A7%E7%A4%BE%E7%AC%AC%E4%B8%80%E6%B0%B4%E6%BA%90.kml?attredirects=0&d=1,https://wsserver.moenv.gov.tw/DWS/pro2/map/08/08ll/08ll.pdf,https://wsserver.moenv.gov.tw/Mang/WaterDistrict_illustration.aspx?WDataNum=26&ptype=1,24.0785469,120.70176199999999,google_maps_result,全國飲用水水源水質保護區地理資訊網,https://wsserver.moenv.gov.tw/Protect_Area_Query.aspx,,,,,,,,,,,,,,,,,,
water_source,霧社第二,南投縣,烏溪,甲,28.39,871009,https://sites.google.com/site/drinkwaterprotectarea/url/%E9%9C%A7%E7%A4%BE%E7%AC%AC%E4%BA%8C%E6%B0%B4%E6%BA%90.kml?attredirects=0&d=1,https://wsserver.moenv.gov.tw/DWS/pro2/map/08/08mm/08mm.pdf,https://wsserver.moenv.gov.tw/Mang/WaterDistrict_illustration.aspx?WDataNum=27&ptype=1,24.0785469,120.70176199999999,google_maps_result,全國飲用水水源水質保護區地理資訊網,https://wsserver.moenv.gov.tw/Protect_Area_Query.aspx,,,,,,,,,,,,,,,,,,
water_source,霧社第三,南投縣,烏溪,甲,21.78,871009,https://sites.google.com/site/drinkwaterprotectarea/url/%E9%9C%A7%E7%A4%BE%E7%AC%AC%E4%B8%89%E6%B0%B4%E6%BA%90.kml?attredirects=0&d=1,https://wsserver.moenv.gov.tw/DWS/pro2/map/08/08nn/08nn.pdf,https://wsserver.moenv.gov.tw/Mang/WaterDistrict_illustration.aspx?WDataNum=28&ptype=1,24.0293315,120.9185863,google_maps_center,全國飲用水水源水質保護區地理資訊網,https://wsserver.moenv.gov.tw/Protect_Area_Query.aspx,,,,,,,,,,,,,,,,,,
water_source,信義,南投縣,濁水溪,甲,364.6,871009,https://sites.google.com/site/drinkwaterprotectarea/url/%E4%BF%A1%E7%BE%A9.kml?attredirects=0&d=1,https://wsserver.moenv.gov.tw/DWS/pro2/map/08/08gg/08gg.pdf,https://wsserver.moenv.gov.tw/Mang/WaterDistrict_illustration.aspx?WDataNum=29&ptype=1,23.815984699999998,120.86334749999999,google_maps_result,全國飲用水水源水質保護區地理資訊網,https://wsserver.moenv.gov.tw/Protect_Area_Query.aspx,,,,,,,,,,,,,,,,,,
water_source,羅娜,南投縣,濁水溪,甲,1435.32,871009,https://sites.google.com/site/drinkwaterprotectarea/url/%E7%BE%85%E5%A8%9C.kml?attredirects=0&d=1,https://wsserver.moenv.gov.tw/DWS/pro2/map/08/08kk/08kk.pdf,https://wsserver.moenv.gov.tw/Mang/WaterDistrict_illustration.aspx?WDataNum=30&ptype=1,23.894634399999997,120.6884091,google_maps_result,全國飲用水水源水質保護區地理資訊網,https://wsserver.moenv.gov.tw/Protect_Area_Query.aspx,,,,,,,,,,,,,,,,,,
water_source,公林,南投縣,烏溪,甲,132.61,871009,https://sites.google.com/site/drinkwaterprotectarea/url/%E5%85%AC%E6%9E%97.kml?attredirects=0&d=1,https://wsserver.moenv.gov.tw/DWS/pro2/map/08/08aa/08AA.pdf,https://wsserver.moenv.gov.tw/Mang/WaterDistrict_illustration.aspx?WDataNum=31&ptype=1,23.8383428,120.9339228,google_maps_center,全國飲用水水源水質保護區地理資訊網,https://wsserver.moenv.gov.tw/Protect_Area_Query.aspx,,,,,,,,,,,,,,,,,,
water_source,東光,南投縣,烏溪,甲,824.06,871009,https://sites.google.com/site/drinkwaterprotectarea/url/%E6%9D%B1%E5%85%89.kml?attredirects=0&d=1,https://wsserver.moenv.gov.tw/DWS/pro2/map/08/08ff/08ff.pdf,https://wsserver.moenv.gov.tw/Mang/WaterDistrict_illustration.aspx?WDataNum=32&ptype=1,23.894634399999997,120.6884091,google_maps_result,全國飲用水水源水質保護區地理資訊網,https://wsserver.moenv.gov.tw/Protect_Area_Query.aspx,,,,,,,,,,,,,,,,,,
water_source,合歡溪木蘭橋,南投縣,大甲溪,甲,4141.38,871009,https://sites.google.com/site/drinkwaterprotectarea/url/%E5%90%88%E6%AD%A1%E6%BA%AA%E6%9C%A8%E8%98%AD%E6%A9%8B.kml?attredirects=0&d=1,https://wsserver.moenv.gov.tw/DWS/pro2/map/08/08dd/08dd.pdf,https://wsserver.moenv.gov.tw/Mang/WaterDistrict_illustration.aspx?WDataNum=33&ptype=1,23.960998099999998,120.9718638,google_maps_result,全國飲用水水源水質保護區地理資訊網,https://wsserver.moenv.gov.tw/Protect_Area_Query.aspx,,,,,,,,,,,,,,,,,,
school,南投國小,,,,,,,,,23.9070479,120.68468569999999,google_maps_result,南投縣學校基本資料,https://sso.ntct.edu.tw/NewPerson/SchoolBase.aspx,南投市,南投縣南投市彰南路一段1059號,(049)2222038,廖志家,36,900,59,3,10,114,,,,,,,,
school,平和國小,,,,,,,,,23.912623099999998,120.6916297,google_maps_result,南投縣學校基本資料,https://sso.ntct.edu.tw/NewPerson/SchoolBase.aspx,南投市,南投縣南投市平和里育樂路62號,(049)2222028,張文馨,36,880,60,4,8,114,,,,,,,,
school,新豐國小,,,,,,,,,23.928925,120.6729889,google_maps_result,南投縣學校基本資料,https://sso.ntct.edu.tw/NewPerson/SchoolBase.aspx,南投市,南投縣南投市彰南路三段221號,(049)2251804,陳建助,15,330,25,1,2,114,,,,,,,,
school,營盤國小,,,,,,,,,23.944673899999998,120.67478879999999,google_maps_result,南投縣學校基本資料,https://sso.ntct.edu.tw/NewPerson/SchoolBase.aspx,南投市,南投縣南投市營南里營盤路136號,(049)2335882,江吉田,6,98,10,-,-,114,,,,,,,,
school,西嶺國小,,,,,,,,,23.9250281,120.63850529999999,google_maps_result,南投縣學校基本資料,https://sso.ntct.edu.tw/NewPerson/SchoolBase.aspx,南投市,南投縣南投市鳳鳴里八卦路894號,(049)2291354,沈春木,6,46,10,-,-,114,,,,,,,,
school,德興國小,,,,,,,,,23.932428299999998,120.6929931,google_maps_result,南投縣學校基本資料,https://sso.ntct.edu.tw/NewPerson/SchoolBase.aspx,南投市,南投縣南投市內興里中興路200號,(049)2359050,陳建佑,6,137,10,-,-,114,,,,,,,,
school,光華國小,,,,,,,,,23.9527519,120.6914781,google_maps_result,南投縣學校基本資料,https://sso.ntct.edu.tw/NewPerson/SchoolBase.aspx,南投市,南投縣南投市光華里光華四路2號,(049)2332549,黃美鳳,29,761,48,3,4,114,,,,,,,,
school,光榮國小,,,,,,,,,23.9458444,120.69669859999999,google_maps_result,南投縣學校基本資料,https://sso.ntct.edu.tw/NewPerson/SchoolBase.aspx,南投市,南投縣南投市光榮里八鄰光榮北路19號,(049)2332550,陳志嘉,10,171,16,1,2,114,,,,,,,,
school,文山國小,,,,,,,,,23.90636,120.638038,google_maps_result,南投縣學校基本資料,https://sso.ntct.edu.tw/NewPerson/SchoolBase.aspx,南投市,南投縣南投市福山里八卦路349號,(049)2291394,姚美宜,6,90,11,1,2,114,,,,,,,,
school,僑建國小,,,,,,,,,23.9407356,120.6677349,google_maps_result,南投縣學校基本資料,https://sso.ntct.edu.tw/NewPerson/SchoolBase.aspx,南投市,南投縣南投市彰南路三段847號,(049)2253245,蔡國宏,7,101,15,1,4,114,,,,,,,,
school,漳和國小,,,,,,,,,23.9132403,120.67701939999999,google_maps_result,南投縣學校基本資料,https://sso.ntct.edu.tw/NewPerson/SchoolBase.aspx,南投市,南投縣南投市文林路16號,(049)2224087,張鈴采,14,323,27,2,3,114,,,,,,,,
school,嘉和國小,,,,,,,,,23.8966434,120.6844667,google_maps_result,南投縣學校基本資料,https://sso.ntct.edu.tw/NewPerson/SchoolBase.aspx,南投市,南投縣南投市彰南路一段639巷80號,(049)2222430,陳秀玲,14,348,26,1,3,114,,,,,,,,
school,光復國小,,,,,,,,,23.9418468,120.70196419999999,google_maps_result,南投縣學校基本資料,https://sso.ntct.edu.tw/NewPerson/SchoolBase.aspx,南投市,南投縣南投市光明里光明一路67號,(049)2332587,柯志忠,6,65,10,1,3,114,,,,,,,,
school,千秋國小,,,,,,,,,23.891896499999998,120.7130993,google_maps_result,南投縣學校基本資料,https://sso.ntct.edu.tw/NewPerson/SchoolBase.aspx,南投市,南投縣南投市千秋里千秋路131巷1號,(049)2229405,陳美玲,6,37,10,-,-,114,,,,,,,,
school,漳興國小,,,,,,,,,23.918746799999997,120.6812545,google_maps_result,南投縣學校基本資料,https://sso.ntct.edu.tw/NewPerson/SchoolBase.aspx,南投市,南投縣南投市復興路669號,(049)2224013,陳良輔,16,365,29,3,7,114,,,,,,,,
school,康壽國小,,,,,,,,,23.913402899999998,120.68668059999999,google_maps_result,南投縣學校基本資料,https://sso.ntct.edu.tw/NewPerson/SchoolBase.aspx,南投市,南投縣南投市南陽路269號,(049)2243457,蔡政道,22,516,42,-,-,114,,,,,,,,
school,埔里國小,,,,,,,,,23.9687466,120.9665366,google_maps_result,南投縣學校基本資料,https://sso.ntct.edu.tw/NewPerson/SchoolBase.aspx,埔里鎮,南投縣埔里鎮西門里西康路127號,(049)2982034,邱國峰,41,1034,86,4,9,114,,,,,,,,
school,南光國小,,,,,,,,,23.9604225,120.97026819999999,google_maps_result,南投縣學校基本資料,https://sso.ntct.edu.tw/NewPerson/SchoolBase.aspx,埔里鎮,南投縣埔里鎮杷城里中正路251號,(049)2982025,林取德,49,1275,81,7,19,114,,,,,,,,
school,育英國小,,,,,,,,,23.962412,120.962037,google_maps_result,南投縣學校基本資料,https://sso.ntct.edu.tw/NewPerson/SchoolBase.aspx,埔里鎮,南投縣埔里鎮清新里育英街20號,(049)2982144,林慧錚,11,240,19,3,8,114,,,,,,,,
school,史港國小,,,,,,,,,24.0124683,120.9573135,google_maps_result,南投縣學校基本資料,https://sso.ntct.edu.tw/NewPerson/SchoolBase.aspx,埔里鎮,南投縣埔里鎮史港里獅子路9號,(049)2931521,陳貴珍,6,64,12,1,3,114,,,,,,,,
school,愛蘭國小,,,,,,,,,23.9738549,120.943992,google_maps_result,南投縣學校基本資料,https://sso.ntct.edu.tw/NewPerson/SchoolBase.aspx,埔里鎮,南投縣埔里鎮愛蘭里鐵山路7號,(049)2912514,曾元信 曾元信,16,373,26,4,6,114,,,,,,,,
school,溪南國小,,,,,,,,,23.9477995,120.9556906,google_maps_result,南投縣學校基本資料,https://sso.ntct.edu.tw/NewPerson/SchoolBase.aspx,埔里鎮,南投縣埔里鎮溪南里珠生路68號,(049)2904517,李淑瑜,12,194,21,3,9,114,,,,,,,,
school,水尾國小,,,,,,,,,23.998860399999998,120.92965509999999,google_maps_result,南投縣學校基本資料,https://sso.ntct.edu.tw/NewPerson/SchoolBase.aspx,埔里鎮,南投縣埔里鎮一新里永豐路92號,(049)2932506,張志維,6,23,9,1,2,114,,,,,,,,
school,桃源國小,,,,,,,,,23.9421361,120.92616939999999,google_maps_result,南投縣學校基本資料,https://sso.ntct.edu.tw/NewPerson/SchoolBase.aspx,埔里鎮,南投縣埔里鎮桃米里桃米巷68號,(049)2913450,趙元炤,6,24,11,-,-,114,,,,,,,,
school,麒麟國小,,,,,,,,,23.931388899999998,120.9902778,google_maps_result,南投縣學校基本資料,https://sso.ntct.edu.tw/NewPerson/SchoolBase.aspx,埔里鎮,南投縣埔里鎮麒麟里武界路7號,(049)2925941,方竣憲,6,48,11,-,-,114,,,,,,,,
school,太平國小,,,,,,,,,24.026535199999998,120.92171169999999,google_maps_result,南投縣學校基本資料,https://sso.ntct.edu.tw/NewPerson/SchoolBase.aspx,埔里鎮,南投縣埔里鎮合成里西安路三段167巷35號,(049)2931385,蔣汝蘭,6,86,11,2,4,114,,,,,,,,
school,忠孝國小,,,,,,,,,23.991811,120.979959,google_maps_result,南投縣學校基本資料,https://sso.ntct.edu.tw/NewPerson/SchoolBase.aspx,埔里鎮,南投縣埔里鎮牛眠里守城路28號,(049)2931582,鐘森雄,7,146,13,1,2,114,,,,,,,,
school,中峰國小,,,,,,,,,23.9761608,120.98454579999999,google_maps_result,南投縣學校基本資料,https://sso.ntct.edu.tw/NewPerson/SchoolBase.aspx,埔里鎮,南投縣埔里鎮中山路一段228號,(049)2982542,陳明達,6,112,11,-,-,114,,,,,,,,
school,大成國小,,,,,,,,,23.9703004,120.95105699999999,google_maps_result,南投縣學校基本資料,https://sso.ntct.edu.tw/NewPerson/SchoolBase.aspx,埔里鎮,南投縣埔里鎮中山路三段565號,(049)2916517,徐昌義,12,221,19,-,-,114,,,,,,,,
school,草屯國小,,,,,,,,,23.9816808,120.68695919999999,google_maps_result,南投縣學校基本資料,https://sso.ntct.edu.tw/NewPerson/SchoolBase.aspx,草屯鎮,南投縣草屯鎮玉峰里玉屏路210號,(049)2362007,陳照明,47,1014,84,4,8,114,,,,,,,,
school,新庄國小,,,,,,,,,23.994883899999998,120.6679214,google_maps_result,南投縣學校基本資料,https://sso.ntct.edu.tw/NewPerson/SchoolBase.aspx,草屯鎮,南投縣草屯鎮新庄里新庄三路32號,(049)2333104,姚仁傑,6,181,11,3,4,114,,,,,,,,
school,碧峰國小,,,,,,,,,23.969859,120.66546729999999,google_maps_result,南投縣學校基本資料,https://sso.ntct.edu.tw/NewPerson/SchoolBase.aspx,草屯鎮,南投縣草屯鎮碧峰里立人路439號,(049)2334304,溫富榮,12,243,19,2,4,114,,,,,,,,
school,土城國小,,,,,,,,,23.9843328,120.7428825,google_maps_result,南投縣學校基本資料,https://sso.ntct.edu.tw/NewPerson/SchoolBase.aspx,草屯鎮,南投縣草屯鎮土城里中正路189號,(049)2552024,陳順興,6,30,11,-,-,114,,,,,,,,
school,雙冬國小,,,,,,,,,23.984444999999997,120.795493,google_maps_result,南投縣學校基本資料,https://sso.ntct.edu.tw/NewPerson/SchoolBase.aspx,草屯鎮,南投縣草屯鎮雙冬里中正路34號,(049)2571362,蘇裕祿,6,37,13,1,2,114,,,,,,,,
school,炎峰國小,,,,,,,,,23.9744913,120.6843782,google_maps_result,南投縣學校基本資料,https://sso.ntct.edu.tw/NewPerson/SchoolBase.aspx,草屯鎮,南投縣草屯鎮中興路101號,(049)2333221,陳恒聰,35,910,67,3,6,114,,,,,,,,
school,中原國小,,,,,,,,,23.9851678,120.72026729999999,google_maps_result,南投縣學校基本資料,https://sso.ntct.edu.tw/NewPerson/SchoolBase.aspx,草屯鎮,南投縣草屯鎮中原里坪腳巷20號,(049)2554631,陳俊言,8,162,13,2,2,114,,,,,,,,
school,平林國小,,,,,,,,,23.992086,120.762598,google_maps_result,南投縣學校基本資料,https://sso.ntct.edu.tw/NewPerson/SchoolBase.aspx,草屯鎮,南投縣草屯鎮健行路65巷90號,(049)2571761,呂秋明,6,47,10,-,-,114,,,,,,,,
school,坪頂國小,,,,,,,,,23.9669523,120.73935589999999,google_maps_result,南投縣學校基本資料,https://sso.ntct.edu.tw/NewPerson/SchoolBase.aspx,草屯鎮,南投縣草屯鎮坪頂里南坪路40號,(049)2552074,潘黃家齊,6,20,11,-,-,114,,,,,,,,
school,僑光國小,,,,,,,,,23.9939958,120.68664299999999,google_maps_result,南投縣學校基本資料,https://sso.ntct.edu.tw/NewPerson/SchoolBase.aspx,草屯鎮,南投縣草屯鎮稻香路20-2號,(049)2333684,陳明正,18,513,35,3,7,114,,,,,,,,
school,北投國小,,,,,,,,,23.9868024,120.65815549999999,google_maps_result,南投縣學校基本資料,https://sso.ntct.edu.tw/NewPerson/SchoolBase.aspx,草屯鎮,南投縣草屯鎮北投路文教巷43號,(049)2333614,陳文燦,12,259,21,2,4,114,,,,,,,,
school,敦和國小,,,,,,,,,23.9817248,120.6778648,google_maps_result,南投縣學校基本資料,https://sso.ntct.edu.tw/NewPerson/SchoolBase.aspx,草屯鎮,南投縣草屯鎮敦和路72-6號,(049)2365074,葉兆祺,21,541,35,3,4,114,,,,,,,,
school,富功國小,,,,,,,,,23.979073,120.69824299999999,google_maps_result,南投縣學校基本資料,https://sso.ntct.edu.tw/NewPerson/SchoolBase.aspx,草屯鎮,南投縣草屯鎮富寮里中正路567號,(049)2569213,侯靖男,17,380,29,-,-,114,,,,,,,,
school,虎山國小,,,,,,,,,23.9629889,120.6841639,google_maps_result,南投縣學校基本資料,https://sso.ntct.edu.tw/NewPerson/SchoolBase.aspx,草屯鎮,南投縣草屯鎮新生路76號,(049)2339107,謝有誌,23,524,38,2,4,114,,,,,,,,
school,竹山國小,,,,,,,,,23.761149399999997,120.6873067,google_maps_result,南投縣學校基本資料,https://sso.ntct.edu.tw/NewPerson/SchoolBase.aspx,竹山鎮,南投縣竹山鎮延和里向學街32號,(049)2642016,林建言,28,675,59,2,4,114,,,,,,,,
school,延平國小,,,,,,,,,23.7683324,120.7079205,google_maps_result,南投縣學校基本資料,https://sso.ntct.edu.tw/NewPerson/SchoolBase.aspx,竹山鎮,南投縣竹山鎮集山路二段1161號,(049)2642450,黃彥超,12,250,22,2,5,114,,,,,,,,
school,社寮國小,,,,,,,,,23.810398499999998,120.7218858,google_maps_result,南投縣學校基本資料,https://sso.ntct.edu.tw/NewPerson/SchoolBase.aspx,竹山鎮,南投縣竹山鎮社寮里集山路一段1723號,(049)2622020,卓宏興,7,149,13,2,4,114,,,,,,,,
school,過溪國小,,,,,,,,,23.727639699999997,120.66654349999999,google_maps_result,南投縣學校基本資料,https://sso.ntct.edu.tw/NewPerson/SchoolBase.aspx,竹山鎮,南投縣竹山鎮福興里鯉南路136號,(049)2642573,林惠星,6,26,11,-,-,114,,,,,,,,
school,大鞍國小,,,,,,,,,23.699319,120.716895,google_maps_result,南投縣學校基本資料,https://sso.ntct.edu.tw/NewPerson/SchoolBase.aspx,竹山鎮,南投縣竹山鎮大鞍里竹寮巷21號,(049)2841009,代理校長 陳忠裕,6,16,12,-,-,114,,,,,,,,
school,瑞竹國小,,,,,,,,,23.6644285,120.6664297,google_maps_result,南投縣學校基本資料,https://sso.ntct.edu.tw/NewPerson/SchoolBase.aspx,竹山鎮,南投縣竹山鎮瑞竹里鯉南路251號,(049)2711024,陳勇仁,6,23,11,1,2,114,,,,,,,,
school,秀林國小,,,,,,,,,23.7332556,120.68884419999999,google_maps_result,南投縣學校基本資料,https://sso.ntct.edu.tw/NewPerson/SchoolBase.aspx,竹山鎮,南投縣竹山鎮頂林路456號,(049)2647285,楊清豐,6,75,11,-,-,114,,,,,,,,
school,雲林國小,,,,,,,,,23.7562547,120.67827319999999,google_maps_result,南投縣學校基本資料,https://sso.ntct.edu.tw/NewPerson/SchoolBase.aspx,竹山鎮,南投縣竹山鎮雲林里大明路666號,(049)2643321,施俊吉,16,343,28,3,6,113,,,,,,,,
school,鯉魚國小,,,,,,,,,23.714406699999998,120.6549728,google_maps_result,南投縣學校基本資料,https://sso.ntct.edu.tw/NewPerson/SchoolBase.aspx,竹山鎮,南投縣竹山鎮鯉魚里鯉行路92號,(049)2644984,曾以瑩,6,68,12,-,-,114,,,,,,,,
school,桶頭國小,,,,,,,,,23.646097899999997,120.6565047,google_maps_result,南投縣學校基本資料,https://sso.ntct.edu.tw/NewPerson/SchoolBase.aspx,竹山鎮,南投縣竹山鎮鯉南路312之1號,(049)2711034,王業,6,22,11,-,-,114,,,,,,,,
school,中州國小,,,,,,,,,23.812045599999998,120.7381175,google_maps_result,南投縣學校基本資料,https://sso.ntct.edu.tw/NewPerson/SchoolBase.aspx,竹山鎮,南投縣竹山鎮集山路一段955號,(049)2622030,莊正平,6,58,11,1,3,114,,,,,,,,
school,中和國小,,,,,,,,,23.757509,120.66811519999999,google_maps_result,南投縣學校基本資料,https://sso.ntct.edu.tw/NewPerson/SchoolBase.aspx,竹山鎮,南投縣竹山鎮集山路三段1394號,(049)2642424,陳君青,6,50,12,-,-,114,,,,,,,,
school,前山國小,,,,,,,,,23.7516432,120.6783792,google_maps_result,南投縣學校基本資料,https://sso.ntct.edu.tw/NewPerson/SchoolBase.aspx,竹山鎮,南投縣竹山鎮自強路100號,(049)2660662,劉永健,13,295,24,-,-,114,,,,,,,,
school,集集國小,,,,,,,,,23.8277778,120.7866667,google_maps_result,南投縣學校基本資料,https://sso.ntct.edu.tw/NewPerson/SchoolBase.aspx,集集鎮,南投縣集集鎮吳厝里育才街147號,(049)2762027,陳彥文,6,86,12,2,3,114,,,,,,,,
school,隘寮國小,,,,,,,,,23.8324641,120.75072689999999,google_maps_result,南投縣學校基本資料,https://sso.ntct.edu.tw/NewPerson/SchoolBase.aspx,集集鎮,南投縣集集鎮田寮里田寮巷4號,(049)2781154,許建睿,6,31,10,-,-,114,,,,,,,,
school,永昌國小,,,,,,,,,23.827258399999998,120.79903259999999,google_maps_result,南投縣學校基本資料,https://sso.ntct.edu.tw/NewPerson/SchoolBase.aspx,集集鎮,南投縣集集鎮永昌里東昌巷4號,(049)2762524,陳璿文,6,128,11,-,-,114,,,,,,,,
school,和平國小,,,,,,,,,23.8293075,120.78108209999999,google_maps_result,南投縣學校基本資料,https://sso.ntct.edu.tw/NewPerson/SchoolBase.aspx,集集鎮,南投縣集集鎮和平里集集街178號,(049)2762036,吳雨錫,6,70,10,-,-,114,,,,,,,,
school,名間國小,,,,,,,,,23.8445887,120.69775419999999,google_maps_result,南投縣學校基本資料,https://sso.ntct.edu.tw/NewPerson/SchoolBase.aspx,名間鄉,南投縣名間鄉中山村彰南路220號,(049)2732024,范慶鐘,18,401,30,3,7,114,,,,,,,,
school,新街國小,,,,,,,,,23.8762863,120.6931745,google_maps_result,南投縣學校基本資料,https://sso.ntct.edu.tw/NewPerson/SchoolBase.aspx,名間鄉,南投縣名間鄉新街村彰南路375號,(049)2223534,陳景元,9,175,18,2,4,114,,,,,,,,
school,名崗國小,,,,,,,,,23.8703036,120.64638389999999,google_maps_result,南投縣學校基本資料,https://sso.ntct.edu.tw/NewPerson/SchoolBase.aspx,名間鄉,南投縣名間鄉大坑村南田路222號,(049)2271864,林佳玫,6,71,10,-,-,114,,,,,,,,
school,中山國小,,,,,,,,,23.8362964,120.6623745,google_maps_result,南投縣學校基本資料,https://sso.ntct.edu.tw/NewPerson/SchoolBase.aspx,名間鄉,南投縣名間鄉名松路一段294號,(049)2582335,吳雪華,6,88,10,2,2,114,,,,,,,,
school,弓鞋國小,,,,,,,,,23.841733299999998,120.63077779999999,google_maps_result,南投縣學校基本資料,https://sso.ntct.edu.tw/NewPerson/SchoolBase.aspx,名間鄉,南投縣名間鄉名松路二段580號,(049)2581322,涂仁雄,12,216,19,-,-,114,,,,,,,,
school,田豐國小,,,,,,,,,23.870041,120.6763251,google_maps_result,南投縣學校基本資料,https://sso.ntct.edu.tw/NewPerson/SchoolBase.aspx,名間鄉,南投縣名間鄉田仔村田仔巷40號,(049)2271509,黃文英,6,30,10,-,-,114,,,,,,,,
school,僑興國小,,,,,,,,,23.858785599999997,120.6939034,google_maps_result,南投縣學校基本資料,https://sso.ntct.edu.tw/NewPerson/SchoolBase.aspx,名間鄉,南投縣名間鄉東湖村彰南路259號,(049)2732340,謝澄賢,6,70,10,1,2,114,,,,,,,,
school,新民國小,,,,,,,,,23.820416299999998,120.6867595,google_maps_result,南投縣學校基本資料,https://sso.ntct.edu.tw/NewPerson/SchoolBase.aspx,名間鄉,南投縣名間鄉新民村新民巷43號,(049)2732514,張媛媛,6,51,10,-,-,114,,,,,,,,
school,鹿谷國小,,,,,,,,,23.748884999999998,120.751526,google_maps_result,南投縣學校基本資料,https://sso.ntct.edu.tw/NewPerson/SchoolBase.aspx,鹿谷鄉,南投縣鹿谷鄉鹿谷村中正路2段174號,(049)2752048,黃應欽,6,110,13,-,-,113,,,,,,,,
school,秀峰國小,,,,,,,,,23.783555,120.777515,google_maps_result,南投縣學校基本資料,https://sso.ntct.edu.tw/NewPerson/SchoolBase.aspx,鹿谷鄉,南投縣鹿谷鄉秀峰村仁愛路152號,(049)2671953,陳俊豪,6,46,11,2,2,114,,,,,,,,
school,文昌國小,,,,,,,,,23.7276876,120.7548284,google_maps_result,南投縣學校基本資料,https://sso.ntct.edu.tw/NewPerson/SchoolBase.aspx,鹿谷鄉,南投縣鹿谷鄉竹林村光復路96號,(049)2676305,李岱恩,6,116,12,2,5,114,,,,,,,,
school,鳳凰國小,,,,,,,,,23.742984399999997,120.77998889999999,google_maps_result,南投縣學校基本資料,https://sso.ntct.edu.tw/NewPerson/SchoolBase.aspx,鹿谷鄉,南投縣鹿谷鄉鳳凰村仁義路35之1號,(049)2752214,邱伯璟,6,60,12,-,-,113,,,,,,,,
school,內湖國小,,,,,,,,,23.713025,120.780238,google_maps_result,南投縣學校基本資料,https://sso.ntct.edu.tw/NewPerson/SchoolBase.aspx,鹿谷鄉,南投縣鹿谷鄉內湖村興產路51號,(049)2752437,沈晉億,6,43,12,-,-,114,,,,,,,,
school,初鄉國小,,,,,,,,,23.7671285,120.737259,google_maps_result,南投縣學校基本資料,https://sso.ntct.edu.tw/NewPerson/SchoolBase.aspx,鹿谷鄉,南投縣鹿谷鄉初鄉村仁愛路259號,(049)2752513,張東盟,6,54,11,-,-,113,,,,,,,,
school,瑞田國小,,,,,,,,,23.8024375,120.7899375,google_maps_result,南投縣學校基本資料,https://sso.ntct.edu.tw/NewPerson/SchoolBase.aspx,鹿谷鄉,南投縣鹿谷鄉瑞田村仁愛路80號,(049)2671284,吳憲鎮,6,14,12,-,-,113,,,,,,,,
school,廣興國小,,,,,,,,,23.735955699999998,120.7643451,google_maps_result,南投縣學校基本資料,https://sso.ntct.edu.tw/NewPerson/SchoolBase.aspx,鹿谷鄉,南投縣鹿谷鄉廣興村興產路97號,(049)2752014,吳錫法,6,87,11,1,2,113,,,,,,,,
school,中寮國小,,,,,,,,,23.8798492,120.7639198,google_maps_result,南投縣學校基本資料,https://sso.ntct.edu.tw/NewPerson/SchoolBase.aspx,中寮鄉,南投縣中寮鄉永平村永平路316號,(049)2691322,邱麗芬,7,165,17,3,4,114,,,,,,,,
school,爽文國小,,,,,,,,,23.936505,120.76189,google_maps_result,南投縣學校基本資料,https://sso.ntct.edu.tw/NewPerson/SchoolBase.aspx,中寮鄉,南投縣中寮鄉爽文村龍南路159號,(049)2601003,林順智,6,30,11,1,2,114,,,,,,,,
school,永樂國小,,,,,,,,,23.8833506,120.7987338,google_maps_result,南投縣學校基本資料,https://sso.ntct.edu.tw/NewPerson/SchoolBase.aspx,中寮鄉,南投縣中寮鄉福盛村永樂路88號,(049)2691473,吳國松,6,21,10,1,2,114,,,,,,,,
school,永康國小,,,,,,,,,23.886237599999998,120.7397771,google_maps_result,南投縣學校基本資料,https://sso.ntct.edu.tw/NewPerson/SchoolBase.aspx,中寮鄉,南投縣中寮鄉永福村仙峰巷44號,(049)2691455,王勝輝,6,58,10,2,4,114,,,,,,,,
school,清水國小,,,,,,,,,23.9450343,120.7907225,google_maps_result,南投縣學校基本資料,https://sso.ntct.edu.tw/NewPerson/SchoolBase.aspx,中寮鄉,南投縣中寮鄉清水村瀧林巷3號,(049)2601079,田志順,6,41,11,1,2,114,,,,,,,,
school,至誠國小,,,,,,,,,23.8933991,120.720726,google_maps_result,南投縣學校基本資料,https://sso.ntct.edu.tw/NewPerson/SchoolBase.aspx,中寮鄉,南投縣中寮鄉永平路489之1號,(049)2227215,鄧秀珍,6,39,10,-,-,114,,,,,,,,
school,永和國小,,,,,,,,,23.925196999999997,120.73194149999999,google_maps_result,南投縣學校基本資料,https://sso.ntct.edu.tw/NewPerson/SchoolBase.aspx,中寮鄉,南投縣中寮鄉龍南路321之1號,(049)2601068,王勝吉,6,25,11,-,-,114,,,,,,,,
school,廣福國小,,,,,,,,,23.8991011,120.7596725,google_maps_result,南投縣學校基本資料,https://sso.ntct.edu.tw/NewPerson/SchoolBase.aspx,中寮鄉,南投縣中寮鄉廣福村內城巷3之2號,(049)2691464,陳建志,6,25,11,-,-,114,,,,,,,,
school,魚池國小,,,,,,,,,23.8994234,120.9370534,google_maps_result,南投縣學校基本資料,https://sso.ntct.edu.tw/NewPerson/SchoolBase.aspx,魚池鄉,南投縣魚池鄉魚池村瓊文巷41號,(049)2895537,尤長盈,10,180,21,2,4,114,,,,,,,,
school,頭社國小,,,,,,,,,23.8372975,120.9025956,google_maps_result,南投縣學校基本資料,https://sso.ntct.edu.tw/NewPerson/SchoolBase.aspx,魚池鄉,南投縣魚池鄉頭社村平和巷105號,(049)2861237,林勻揚,6,33,11,1,2,114,,,,,,,,
school,東光國小,,,,,,,,,23.8906158,120.9666587,google_maps_result,南投縣學校基本資料,https://sso.ntct.edu.tw/NewPerson/SchoolBase.aspx,魚池鄉,南投縣魚池鄉東光村慶隆巷36號,(049)2880584,曾章榮,6,73,11,2,4,114,,,,,,,,
school,五城國小,,,,,,,,,23.890552,120.88923199999999,google_maps_result,南投縣學校基本資料,https://sso.ntct.edu.tw/NewPerson/SchoolBase.aspx,魚池鄉,南投縣魚池鄉五城村華龍巷1之2號,(049)2896455,代理校長 張淑智,6,24,11,1,2,114,,,,,,,,
school,明潭國小,,,,,,,,,23.8682375,120.9111829,google_maps_result,南投縣學校基本資料,https://sso.ntct.edu.tw/NewPerson/SchoolBase.aspx,魚池鄉,南投縣魚池鄉水社村中山路190號,(049)2855045,代理校長 洪敏琦,6,39,11,1,2,114,,,,,,,,
school,新城國小,,,,,,,,,23.903865,120.9248403,google_maps_result,南投縣學校基本資料,https://sso.ntct.edu.tw/NewPerson/SchoolBase.aspx,魚池鄉,南投縣魚池鄉新城村通文巷7之1號,(049)2895724,李承澤,6,105,11,1,2,114,,,,,,,,
school,伊達邵國小,,,,,,,,,23.8485721,120.9354304,google_maps_result,南投縣學校基本資料,https://sso.ntct.edu.tw/NewPerson/SchoolBase.aspx,魚池鄉,南投縣魚池鄉日月村中正路211巷1號,(049)2850441,蔡鳳琴,6,60,11,2,2,114,,,,,,,,
school,共和國小,,,,,,,,,23.9190792,120.9660533,google_maps_result,南投縣學校基本資料,https://sso.ntct.edu.tw/NewPerson/SchoolBase.aspx,魚池鄉,南投縣魚池鄉共和村五馬巷57之1號,(049)2880608,謝永義,6,36,11,1,2,114,,,,,,,,
school,國姓國小,,,,,,,,,24.039329499999997,120.85694699999999,google_maps_result,南投縣學校基本資料,https://sso.ntct.edu.tw/NewPerson/SchoolBase.aspx,國姓鄉,南投縣國姓鄉石門村國姓路311號,(049)2721018,林思遠,9,211,15,3,6,113,,,,,,,,
school,北山國小,,,,,,,,,23.9809056,120.8766167,google_maps_result,南投縣學校基本資料,https://sso.ntct.edu.tw/NewPerson/SchoolBase.aspx,國姓鄉,南投縣國姓鄉中正路4段119-1號,(049)2451935,陳鍾仁,6,57,12,2,3,114,,,,,,,,
school,北港國小,,,,,,,,,24.0575004,120.9111674,google_maps_result,南投縣學校基本資料,https://sso.ntct.edu.tw/NewPerson/SchoolBase.aspx,國姓鄉,南投縣國姓鄉北港村國姓路63號,(049)2461345,陳學珠,6,47,11,2,3,114,,,,,,,,
school,福龜國小,,,,,,,,,24.0115344,120.82242579999999,google_maps_result,南投縣學校基本資料,https://sso.ntct.edu.tw/NewPerson/SchoolBase.aspx,國姓鄉,南投縣國姓鄉福龜村長壽巷83號,(049)2721019,賀宏偉,6,54,10,0,0,112,,,,,,,,
school,長流國小,,,,,,,,,24.066192599999997,120.876193,google_maps_result,南投縣學校基本資料,https://sso.ntct.edu.tw/NewPerson/SchoolBase.aspx,國姓鄉,南投縣國姓鄉長流村大長路559號,(049)2431006,代理校長 謝政憲,6,39,12,1,2,114,,,,,,,,
school,南港國小,,,,,,,,,23.9503389,120.8692421,google_maps_result,南投縣學校基本資料,https://sso.ntct.edu.tw/NewPerson/SchoolBase.aspx,國姓鄉,南投縣國姓鄉南港村南港路112-8號,(049)2451937,梅文慧,5,15,10,1,2,113,,,,,,,,
school,育樂國小,,,,,,,,,24.017804899999998,120.8454136,google_maps_result,南投縣學校基本資料,https://sso.ntct.edu.tw/NewPerson/SchoolBase.aspx,國姓鄉,南投縣國姓鄉柑林村中正路2段223號,(049)2721274,簡文益,6,18,11,-,-,114,,,,,,,,
school,長福國小,,,,,,,,,24.093055,120.887346,google_maps_result,南投縣學校基本資料,https://sso.ntct.edu.tw/NewPerson/SchoolBase.aspx,國姓鄉,南投縣國姓鄉長福村大長路71號,(049)2431295,郭欣怡,6,45,11,-,-,114,,,,,,,,
school,乾峰國小,,,,,,,,,24.027842,120.8252871,google_maps_result,南投縣學校基本資料,https://sso.ntct.edu.tw/NewPerson/SchoolBase.aspx,國姓鄉,南投縣國姓鄉乾溝村中西巷3號,(049)2721385,林秋榮,6,37,11,-,-,114,,,,,,,,
school,水里國小,,,,,,,,,23.810295999999997,120.8551512,google_maps_result,南投縣學校基本資料,https://sso.ntct.edu.tw/NewPerson/SchoolBase.aspx,水里鄉,南投縣水里鄉南光村民族路151號,(049)2770014,許秀勳,15,332,25,0,0,114,,,,,,,,
school,郡坑國小,,,,,,,,,23.7372543,120.85581599999999,google_maps_result,南投縣學校基本資料,https://sso.ntct.edu.tw/NewPerson/SchoolBase.aspx,水里鄉,南投縣水里鄉上安村水信路三段303巷8號,(049)2821421,楊士弘,6,31,11,-,-,113,,,,,,,,
school,民和國小,,,,,,,,,23.7954065,120.93259309999999,google_maps_result,南投縣學校基本資料,https://sso.ntct.edu.tw/NewPerson/SchoolBase.aspx,水里鄉,南投縣水里鄉民和村文明路70號,(049)2741140,盧景山,6,29,12,-,-,114,,,,,,,,
school,新興國小,,,,,,,,,23.8839275,120.8707982,google_maps_result,南投縣學校基本資料,https://sso.ntct.edu.tw/NewPerson/SchoolBase.aspx,水里鄉,南投縣水里鄉新興村新興巷15號,(049)2811187,周進科,6,48,11,1,3,114,,,,,,,,
school,永興國小,,,,,,,,,23.7846244,120.8633497,google_maps_result,南投縣學校基本資料,https://sso.ntct.edu.tw/NewPerson/SchoolBase.aspx,水里鄉,南投縣水里鄉永興村林朋巷148號,(049)2772545,張金財,6,47,11,-,-,114,,,,,,,,
school,成城國小,,,,,,,,,23.819056999999997,120.84813249999999,google_maps_result,南投縣學校基本資料,https://sso.ntct.edu.tw/NewPerson/SchoolBase.aspx,水里鄉,南投縣水里鄉新城村中山路二段150號,(049)2770140,謝濰萁,8,129,15,-,-,114,,,,,,,,
school,信義國小,,,,,,,,,23.6976412,120.85454089999999,google_maps_result,南投縣學校基本資料,https://sso.ntct.edu.tw/NewPerson/SchoolBase.aspx,信義鄉,南投縣信義鄉明德村玉山路24號,(049)2791263,王民珍,7,54,13,1,2,113,,,,,,,,
school,羅娜國小,,,,,,,,,23.6278285,120.8706287,google_maps_result,南投縣學校基本資料,https://sso.ntct.edu.tw/NewPerson/SchoolBase.aspx,信義鄉,南投縣信義鄉羅娜村信筆巷1鄰73號,(049)2831327,張素真,6,82,11,1,3,113,,,,,,,,
school,同富國小,,,,,,,,,23.5938889,120.8883333,google_maps_result,南投縣學校基本資料,https://sso.ntct.edu.tw/NewPerson/SchoolBase.aspx,信義鄉,南投縣信義鄉同富村同和巷4號,(049)2701503,史強福,6,121,13,3,1,114,,,,,,,,
school,愛國國小,,,,,,,,,23.6939516,120.8486135,google_maps_result,南投縣學校基本資料,https://sso.ntct.edu.tw/NewPerson/SchoolBase.aspx,信義鄉,南投縣信義鄉愛國村愛國巷108號,(049)2791616,曾筱茹,6,56,11,1,2,114,,,,,,,,
school,人和國小,,,,,,,,,23.779366099999997,120.8969528,google_maps_result,南投縣學校基本資料,https://sso.ntct.edu.tw/NewPerson/SchoolBase.aspx,信義鄉,南投縣信義鄉人和村民生巷3號,(049)2773259,鄭明祥,6,60,12,1,3,114,,,,,,,,
school,地利國小,,,,,,,,,23.794033,120.94335059999999,google_maps_result,南投縣學校基本資料,https://sso.ntct.edu.tw/NewPerson/SchoolBase.aspx,信義鄉,南投縣信義鄉地利村開信巷17號,(049)2741254,代理校長 田菀如,6,72,11,1,1,114,,,,,,,,
school,東埔國小,,,,,,,,,23.5619353,120.92762669999999,google_maps_result,南投縣學校基本資料,https://sso.ntct.edu.tw/NewPerson/SchoolBase.aspx,信義鄉,南投縣信義鄉東埔村開高巷63號,(049)2701340,朱懿幰,6,58,11,1,3,114,,,,,,,,
school,潭南國小,,,,,,,,,23.821336799999997,120.94021269999999,google_maps_result,南投縣學校基本資料,https://sso.ntct.edu.tw/NewPerson/SchoolBase.aspx,信義鄉,南投縣信義鄉潭南村和平巷49號,(049)2741381,許振家,6,103,12,2,1,113,,,,,,,,
school,桐林國小,,,,,,,,,23.5602958,120.8747683,google_maps_result,南投縣學校基本資料,https://sso.ntct.edu.tw/NewPerson/SchoolBase.aspx,信義鄉,南投縣信義鄉同富村太平巷18號,(049)2701483,代理校長 林佳君,6,48,11,1,1,114,,,,,,,,
school,隆華國小,,,,,,,,,23.563043999999998,120.86787,google_maps_result,南投縣學校基本資料,https://sso.ntct.edu.tw/NewPerson/SchoolBase.aspx,信義鄉,南投縣信義鄉神木村民和巷65-6號,(049)2701478,代理校長 黃艷芬,6,54,11,1,2,114,,,,,,,,
school,希娜巴嵐國小,,,,,,,,,23.6400176,120.8695668,google_maps_result,南投縣學校基本資料,https://sso.ntct.edu.tw/NewPerson/SchoolBase.aspx,信義鄉,南投縣信義鄉新鄉村新鄉路80號,(049)2831591,梁雅惠,6,58,11,1,3,114,,,,,,,,
school,久美國小,,,,,,,,,23.6158333,120.8841667,google_maps_result,南投縣學校基本資料,https://sso.ntct.edu.tw/NewPerson/SchoolBase.aspx,信義鄉,南投縣信義鄉望美村美信巷54號,(049)2831506,田春梅,6,60,11,1,3,114,,,,,,,,
school,雙龍國小,,,,,,,,,23.7854,120.950171,google_maps_result,南投縣學校基本資料,https://sso.ntct.edu.tw/NewPerson/SchoolBase.aspx,信義鄉,南投縣信義鄉雙龍村光復巷4號,(049)2741325,陳永輝,6,68,11,1,3,114,,,,,,,,
school,豐丘國小,,,,,,,,,23.6698746,120.8748086,google_maps_result,南投縣學校基本資料,https://sso.ntct.edu.tw/NewPerson/SchoolBase.aspx,信義鄉,南投縣信義鄉豐丘村高平巷77號,(049)2791723,伍曉玲,6,44,12,1,1,114,,,,,,,,
school,仁愛國小,,,,,,,,,24.0208333,121.13333329999999,google_maps_result,南投縣學校基本資料,https://sso.ntct.edu.tw/NewPerson/SchoolBase.aspx,仁愛鄉,南投縣仁愛鄉大同村山農巷5號,(049)2802373,沈慧美,6,47,13,1,2,114,,,,,,,,
school,親愛國小,,,,,,,,,23.9682604,121.1090048,google_maps_result,南投縣學校基本資料,https://sso.ntct.edu.tw/NewPerson/SchoolBase.aspx,仁愛鄉,南投縣仁愛鄉親愛村高平路3號,(049)2974033,代理校長 沈峰吉,12,72,18,2,5,114,,,,,,,,
school,法治國小,,,,,,,,,23.916619999999998,121.046736,google_maps_result,南投縣學校基本資料,https://sso.ntct.edu.tw/NewPerson/SchoolBase.aspx,仁愛鄉,南投縣仁愛鄉法治村界山巷6號,(049)2977061,代理校長 梁志強,6,136,11,2,5,114,,,,,,,,
school,德鹿谷國小,,,,,,,,,24.0859222,121.2165904,google_maps_result,南投縣學校基本資料,https://sso.ntct.edu.tw/NewPerson/SchoolBase.aspx,仁愛鄉,南投縣仁愛鄉德鹿谷村莎都部落一巷46號,(049)2970063,高天龍,6,48,11,1,1,114,,,,,,,,
school,互助國小,,,,,,,,,24.063236999999997,120.969669,google_maps_result,南投縣學校基本資料,https://sso.ntct.edu.tw/NewPerson/SchoolBase.aspx,仁愛鄉,南投縣仁愛鄉互助村中華路19號,(049)2941016,梁秀琴,6,81,11,2,2,114,,,,,,,,
school,力行國小,,,,,,,,,24.147989199999998,121.1890945,google_maps_result,南投縣學校基本資料,https://sso.ntct.edu.tw/NewPerson/SchoolBase.aspx,仁愛鄉,南投縣仁愛鄉力行村新望洋67號,(049)2955078,代理校長 廖杭,10,39,21,2,5,114,,,,,,,,
school,南豐國小,,,,,,,,,24.0000355,121.078475,google_maps_result,南投縣學校基本資料,https://sso.ntct.edu.tw/NewPerson/SchoolBase.aspx,仁愛鄉,南投縣仁愛鄉南豐村楓林路3號,(049)2920037,孫秋雄,6,45,11,2,2,114,,,,,,,,
school,中正國小,,,,,,,,,23.9048207,120.9907348,google_maps_result,南投縣學校基本資料,https://sso.ntct.edu.tw/NewPerson/SchoolBase.aspx,仁愛鄉,南投縣仁愛鄉中正村平等巷114號,(049)2925114,陳麗惠,6,137,12,2,5,114,,,,,,,,
school,廬山國小,,,,,,,,,24.0347457,121.1858484,google_maps_result,南投縣學校基本資料,https://sso.ntct.edu.tw/NewPerson/SchoolBase.aspx,仁愛鄉,南投縣仁愛鄉精英村中華巷19號,(049)2970385,曾毓婷,6,31,11,1,1,114,,,,,,,,
school,發祥國小,,,,,,,,,24.123282099999997,121.15772159999999,google_maps_result,南投縣學校基本資料,https://sso.ntct.edu.tw/NewPerson/SchoolBase.aspx,仁愛鄉,南投縣仁愛鄉發祥村光復巷24號,(049)2955030,代理校長 里苾荷‧瓦力思,6,35,12,1,3,114,,,,,,,,
school,萬豐國小,,,,,,,,,23.947176199999998,121.07593019999999,google_maps_result,南投縣學校基本資料,https://sso.ntct.edu.tw/NewPerson/SchoolBase.aspx,仁愛鄉,南投縣仁愛鄉萬豐村清華巷8號,(049)2974123,曹峻昌,6,51,12,1,1,114,,,,,,,,
school,都達國小,,,,,,,,,24.0594756,121.19197659999999,google_maps_result,南投縣學校基本資料,https://sso.ntct.edu.tw/NewPerson/SchoolBase.aspx,仁愛鄉,南投縣仁愛鄉都達村法觀路17號,(049)2970053,余秀英,6,59,13,2,4,114,,,,,,,,
school,春陽國小,,,,,,,,,24.027804699999997,121.1484864,google_maps_result,南投縣學校基本資料,https://sso.ntct.edu.tw/NewPerson/SchoolBase.aspx,仁愛鄉,南投縣仁愛鄉春陽村永樂巷58號,(049)2802573,洪國哲,6,64,11,2,2,114,,,,,,,,
school,紅葉國小,,,,,,,,,24.159665999999998,121.1771701,google_maps_result,南投縣學校基本資料,https://sso.ntct.edu.tw/NewPerson/SchoolBase.aspx,仁愛鄉,南投縣仁愛鄉發祥村仁盛路70號,(049)2955075,施俊良,5,13,10,1,1,114,,,,,,,,
school,清境國小,,,,,,,,,24.044566999999997,121.15857279999999,google_maps_result,南投縣學校基本資料,https://sso.ntct.edu.tw/NewPerson/SchoolBase.aspx,仁愛鄉,南投縣仁愛鄉定遠新村24號,(049)2802572,梁有章,6,48,14,1,3,114,,,,,,,,
school,南投國中,,,,,,,,,23.913130199999998,120.6754934,google_maps_result,南投縣學校基本資料,https://sso.ntct.edu.tw/NewPerson/SchoolBase.aspx,南投市,南投縣南投市漳和里祖祠路361號,(049)2222549,劉松彥,23,530,61,-,-,114,,,,,,,,
school,南崗國中,,,,,,,,,23.895768699999998,120.6829636,google_maps_result,南投縣學校基本資料,https://sso.ntct.edu.tw/NewPerson/SchoolBase.aspx,南投市,南投縣南投市大庄路94號,(049)2222460,陳國俊 林建利,34,913,88,-,-,114,,,,,,,,
school,中興國中,,,,,,,,,23.931568799999997,120.693658,google_maps_result,南投縣學校基本資料,https://sso.ntct.edu.tw/NewPerson/SchoolBase.aspx,南投市,南投縣南投市內興里新興路309號,(049)2335283,鄭俊楠,58,1582,143,-,-,114,,,,,,,,
school,鳳鳴國中,,,,,,,,,23.925248699999997,120.63945059999999,google_maps_result,南投縣學校基本資料,https://sso.ntct.edu.tw/NewPerson/SchoolBase.aspx,南投市,南投縣南投市鳳鳴里八卦路896號,(049)2291831,燕裘麗,3,25,11,-,-,114,,,,,,,,
school,草屯國中,,,,,,,,,23.9773088,120.685998,google_maps_result,南投縣學校基本資料,https://sso.ntct.edu.tw/NewPerson/SchoolBase.aspx,草屯鎮,南投縣草屯鎮炎峰里虎山路808號,(049)2362050,吳國彰,42,1112,110,-,-,114,,,,,,,,
school,日新國中,,,,,,,,,23.9947408,120.6769951,google_maps_result,南投縣學校基本資料,https://sso.ntct.edu.tw/NewPerson/SchoolBase.aspx,草屯鎮,南投縣草屯鎮新豐里稻香路45號,(049)2333480,蕭進賢,7,182,16,-,-,114,,,,,,,,
school,旭光高中,,,,,,,,,23.979521899999998,120.6945993,google_maps_result,南投縣學校基本資料,https://sso.ntct.edu.tw/NewPerson/SchoolBase.aspx,草屯鎮,南投縣草屯鎮中正路568之23號,(049)2563472,毛彬權,54,681,83,-,-,114,,,,,,,,
school,埔里國中,,,,,,,,,23.968138,120.96847,google_maps_result,南投縣學校基本資料,https://sso.ntct.edu.tw/NewPerson/SchoolBase.aspx,埔里鎮,南投縣埔里鎮西安路一段193號,(049)2982055,陳清濱,38,845,111,-,-,114,,,,,,,,
school,宏仁國中,,,,,,,,,23.9614151,120.97281559999999,google_maps_result,南投縣學校基本資料,https://sso.ntct.edu.tw/NewPerson/SchoolBase.aspx,埔里鎮,南投縣埔里鎮東門里公園路20號,(049)2982548,林杏霏,34,924,88,-,-,114,,,,,,,,
school,大成國中,,,,,,,,,23.9720494,120.9526286,google_maps_result,南投縣學校基本資料,https://sso.ntct.edu.tw/NewPerson/SchoolBase.aspx,埔里鎮,南投縣埔里鎮大城路169號,(049)2915550,王仁穩,15,358,50,-,-,114,,,,,,,,
school,竹山國中,,,,,,,,,23.7533668,120.68183459999999,google_maps_result,南投縣學校基本資料,https://sso.ntct.edu.tw/NewPerson/SchoolBase.aspx,竹山鎮,南投縣竹山鎮中山里竹山路217號,(049)2642068,林彥良,20,534,46,-,-,114,,,,,,,,
school,瑞竹國中,,,,,,,,,23.667516499999998,120.6715814,google_maps_result,南投縣學校基本資料,https://sso.ntct.edu.tw/NewPerson/SchoolBase.aspx,竹山鎮,南投縣竹山鎮瑞竹里瑞東巷20號,(049)2711014,代理校長 王思又,3,9,11,-,-,114,,,,,,,,
school,延和國中,,,,,,,,,23.7604828,120.6950715,google_maps_result,南投縣學校基本資料,https://sso.ntct.edu.tw/NewPerson/SchoolBase.aspx,竹山鎮,南投縣竹山鎮鹿山路40號,(049)2658641,王伯廷,23,571,57,-,-,114,,,,,,,,
school,社寮國中,,,,,,,,,23.8087654,120.7204455,google_maps_result,南投縣學校基本資料,https://sso.ntct.edu.tw/NewPerson/SchoolBase.aspx,竹山鎮,南投縣竹山鎮集山路一段1729號,(049)2622010,黃建樹,3,42,10,-,-,114,,,,,,,,
school,集集國中,,,,,,,,,23.831925299999998,120.78436889999999,google_maps_result,南投縣學校基本資料,https://sso.ntct.edu.tw/NewPerson/SchoolBase.aspx,集集鎮,南投縣集集鎮集集里成功路200號,(049)2762013,陳恆旭,5,93,18,-,-,114,,,,,,,,
school,中寮國中,,,,,,,,,23.884147,120.7667965,google_maps_result,南投縣學校基本資料,https://sso.ntct.edu.tw/NewPerson/SchoolBase.aspx,中寮鄉,南投縣中寮鄉復興村初中巷50號,(049)2691247,簡靜儀,3,66,12,-,-,113,,,,,,,,
school,爽文國中,,,,,,,,,23.9340457,120.7623977,google_maps_result,南投縣學校基本資料,https://sso.ntct.edu.tw/NewPerson/SchoolBase.aspx,中寮鄉,南投縣中寮鄉爽文村4 鄰竹坪巷40號,(049)2601030,代理校長 周睿帆,6,108,19,-,-,114,,,,,,,,
school,名間國中,,,,,,,,,23.844905999999998,120.6951144,google_maps_result,南投縣學校基本資料,https://sso.ntct.edu.tw/NewPerson/SchoolBase.aspx,名間鄉,南投縣名間鄉中山村彰南路237號,(049)2732046,劉民專,10,244,24,-,-,114,,,,,,,,
school,三光國中,,,,,,,,,23.8502778,120.66916669999999,google_maps_result,南投縣學校基本資料,https://sso.ntct.edu.tw/NewPerson/SchoolBase.aspx,名間鄉,南投縣名間鄉新光村名山路50號,(049)2732074,吳明順,12,212,38,-,-,113,,,,,,,,
school,水里國中,,,,,,,,,23.8104697,120.8568926,google_maps_result,南投縣學校基本資料,https://sso.ntct.edu.tw/NewPerson/SchoolBase.aspx,水里鄉,南投縣水里鄉民生路68號,(049)2770134,李慧芬,13,338,37,-,-,114,,,,,,,,
school,民和國中,,,,,,,,,23.7990131,120.91784659999999,google_maps_result,南投縣學校基本資料,https://sso.ntct.edu.tw/NewPerson/SchoolBase.aspx,水里鄉,南投縣水里鄉民和村中學路29號,(049)2741138,陳名昱,3,48,13,-,-,114,,,,,,,,
school,魚池國中,,,,,,,,,23.8943691,120.9317932,google_maps_result,南投縣學校基本資料,https://sso.ntct.edu.tw/NewPerson/SchoolBase.aspx,魚池鄉,南投縣魚池鄉魚池村魚池街441-6號,(049)2895527,金惠恬,4,66,14,-,-,114,,,,,,,,
school,明潭國中,,,,,,,,,23.8676601,120.9104448,google_maps_result,南投縣學校基本資料,https://sso.ntct.edu.tw/NewPerson/SchoolBase.aspx,魚池鄉,南投縣魚池鄉中山路190號,(049)2855145,黃俊峯,3,23,11,-,-,114,,,,,,,,
school,鹿谷國中,,,,,,,,,23.7490928,120.7589191,google_maps_result,南投縣學校基本資料,https://sso.ntct.edu.tw/NewPerson/SchoolBase.aspx,鹿谷鄉,南投縣鹿谷鄉彰雅村仁義路94之1號,(049)2752001,吳毓真,3,64,15,-,-,113,,,,,,,,
school,瑞峰國中,,,,,,,,,23.7826308,120.7758379,google_maps_result,南投縣學校基本資料,https://sso.ntct.edu.tw/NewPerson/SchoolBase.aspx,鹿谷鄉,南投縣鹿谷鄉仁愛路154之1號,(049)2671712,魏靖育,3,6,10,-,-,114,,,,,,,,
school,國姓國中,,,,,,,,,24.042665,120.858612,google_maps_result,南投縣學校基本資料,https://sso.ntct.edu.tw/NewPerson/SchoolBase.aspx,國姓鄉,南投縣國姓鄉石門村國姓路237號,(049)2721144,陳啟濃,6,110,20,-,-,113,,,,,,,,
school,北山國中,,,,,,,,,23.980476499999998,120.87333439999999,google_maps_result,南投縣學校基本資料,https://sso.ntct.edu.tw/NewPerson/SchoolBase.aspx,國姓鄉,南投縣國姓鄉北山村中正路四段157號,(049)2451028,許淑春,3,38,11,-,-,114,,,,,,,,
school,北梅國中,,,,,,,,,24.0572269,120.91164619999999,google_maps_result,南投縣學校基本資料,https://sso.ntct.edu.tw/NewPerson/SchoolBase.aspx,國姓鄉,南投縣國姓鄉北港村國姓路62號,(049)2461004,朱珮芬,3,47,12,-,-,114,,,,,,,,
school,仁愛國中,,,,,,,,,24.0317914,121.141863,google_maps_result,南投縣學校基本資料,https://sso.ntct.edu.tw/NewPerson/SchoolBase.aspx,仁愛鄉,南投縣仁愛鄉大同村信義巷28號,(049)2802206,張文嘉,4,97,13,-,-,114,,,,,,,,
school,信義國中,,,,,,,,,23.6964893,120.85385889999999,google_maps_result,南投縣學校基本資料,https://sso.ntct.edu.tw/NewPerson/SchoolBase.aspx,信義鄉,南投縣信義鄉玉山路20號,(049)2791129,脈樹.塔給鹿敦,3,50,10,-,-,114,,,,,,,,
school,同富國中,,,,,,,,,23.595129999999997,120.88740039999999,google_maps_result,南投縣學校基本資料,https://sso.ntct.edu.tw/NewPerson/SchoolBase.aspx,信義鄉,南投縣信義鄉同富村同和巷7號,(049)2701317,石啟佑,5,75,14,-,-,114,,,,,,,,
school,營北國中,,,,,,,,,23.9522405,120.686685,google_maps_result,南投縣學校基本資料,https://sso.ntct.edu.tw/NewPerson/SchoolBase.aspx,南投市,南投縣南投市營北里向上路2號,(049)2392683,黃美玲,15,327,40,-,-,114,,,,,,,,
eldercare,財團法人南投縣私立南投仁愛之家,,,,,,,,,23.905501599999997,120.67593769999999,google_maps_result,南投縣老人機構名冊,https://data.nantou.gov.tw/dataset/dosa-07,,54058南投縣南投市三興里39鄰民族路617號,049-2222151,賴文吉,,,,,,,私立,養護 安養 日照,養護108安養39,108,69.09.13,,,
eldercare,財團法人南投縣私立傑瑞社會福利基金 會附設南投縣私立傑瑞老人之家,,,,,,,,,23.900581,120.658079,google_maps_result,南投縣老人機構名冊,https://data.nantou.gov.tw/dataset/dosa-07,,54059南投縣南投市三興里31鄰嶺興路210-3號,049-2230990,溫水柳,,,,,,,私立,長照 養護 安養,長照72 養護266 安養160,72,84.05.22,,,
eldercare,南投縣私立仁和長期照顧中心,,,,,,,,,23.9234926,120.67278859999999,google_maps_result,南投縣老人機構名冊,https://data.nantou.gov.tw/dataset/dosa-07,,54065南投縣南投市平山里仁和路14號,049-2263166,何年春,,,,,,,私立,長照,47,48,97.04.22,,,
eldercare,南投縣私立千恩老人長期照顧中心(養護型),,,,,,,,,23.9102288,120.6753183,google_maps_result,南投縣老人機構名冊,https://data.nantou.gov.tw/dataset/dosa-07,,54059南投縣南投市彰和里40鄰文化路322號,049-2225577,盧忠義,,,,,,,私立,養護,48,48,98.10.15,,,
eldercare,南投縣私立東山長期照顧中心,,,,,,,,,23.9231366,120.7158372,google_maps_result,南投縣老人機構名冊,https://data.nantou.gov.tw/dataset/dosa-07,,54052南投縣南投市東山里2鄰東山路13之1號,049-2207008,蕭博銘,,,,,,,私立,養護,48,48,99.12.29,,,
eldercare,南投縣私立寶優老人養護中心,,,,,,,,,23.9985166,120.68602039999999,google_maps_result,南投縣老人機構名冊,https://data.nantou.gov.tw/dataset/dosa-07,,54252南投縣草屯鎮新豐里6鄰稻香路25-27號,049-2336848,葉淑惠,,,,,,,私立,養護,49,49,88.10.26,,,
eldercare,南投縣私立保生長期照顧中心(養護型),,,,,,,,,23.9873019,120.67590899999999,google_maps_result,南投縣老人機構名冊,https://data.nantou.gov.tw/dataset/dosa-07,,54254南投縣草屯鎮敦和里33鄰博愛路689號,049-2354107,洪璧如,,,,,,,私立,養護,30,30,100.08.24,,,
eldercare,南投縣私立博愛長期照顧中心,,,,,,,,,23.9859468,120.684134,google_maps_result,南投縣老人機構名冊,https://data.nantou.gov.tw/dataset/dosa-07,,54256南投縣草屯鎮明正里29鄰博愛路470號,049-2381777,李花守,,,,,,,私立,長照,49,49,101.10.31,,,
eldercare,南投縣私立尚德老人養護中心,,,,,,,,,23.8660019,120.7046285,google_maps_result,南投縣老人機構名冊,https://data.nantou.gov.tw/dataset/dosa-07,,55148南投縣名間鄉東湖村2鄰山腳巷54-20號,049-2738847,黃登郁,,,,,,,私立,養護,44,44,96.02.09,,,
eldercare,南投縣祥和老人養護中心,,,,,,,,,23.8552136,120.6988823,google_maps_result,南投縣老人機構名冊,https://data.nantou.gov.tw/dataset/dosa-07,,55148南投縣名間鄉東湖村15鄰彰南路256-1巷100號,049-2739868,陳平州,,,,,,,私立,養護,18,18,99.03.04,,,
eldercare,南投縣私立同心居老人養護中心,,,,,,,,,23.7572551,120.672952,google_maps_result,南投縣老人機構名冊,https://data.nantou.gov.tw/dataset/dosa-07,,55141南投縣竹山鎮雲林里33鄰大仁路199巷2號,049-2635717,李?蓮,,,,,,,私立,養護,46,46,94.11.28,,,
eldercare,南投縣私立淨慧長期照護中心,,,,,,,,,23.8172592,120.7241694,google_maps_result,南投縣老人機構名冊,https://data.nantou.gov.tw/dataset/dosa-07,,55794南投縣竹山鎮社寮里8鄰田中巷58號,049-2624101,王為佳,,,,,,,私立,長照,27,27,96.02.09,,,
eldercare,南投縣私立慈愛老人養護中心,,,,,,,,,23.7573534,120.67453859999999,google_maps_result,南投縣老人機構名冊,https://data.nantou.gov.tw/dataset/dosa-07,,55757南投縣竹山鎮雲林里34鄰大勇路21號,049-2655669,傅文興,,,,,,,私立,養護,48,48,89.11.17,,,
eldercare,南投縣私立億安養護中心,,,,,,,,,23.7640806,120.6938606,google_maps_result,南投縣老人機構名冊,https://data.nantou.gov.tw/dataset/dosa-07,,55751南投縣竹山鎮延和里4鄰大和街258號,049-2658342,陳旻含,,,,,,,私立,長照養護,長照16養護18,18,91.02.05,,,
eldercare,南投縣私立佳尚好長期照顧中心(養護型),,,,,,,,,23.923132,120.67872299999999,google_maps_result,南投縣老人機構名冊,https://data.nantou.gov.tw/dataset/dosa-07,,54063南投縣南投市彰南路2段672巷65號,049-2258879,廖麗卿,,,,,,,私立,養護,24,24,103.02.10,,,
medical,福山診所,,,,,,,,,23.9122499,120.6381076,google_maps_result,醫療機構與人員基本資料,https://dep.mohw.gov.tw/doma/fp-4926-54415-106.html,,南投縣南投市福山里八卦路507號1樓,049-2334060,,,,,,,,,,,,,3538011945,南投縣南投市,"西醫一般科,"
medical,怡和內科診所,,,,,,,,,23.903936899999998,120.687737,google_maps_result,醫療機構與人員基本資料,https://dep.mohw.gov.tw/doma/fp-4926-54415-106.html,,南投縣南投市復興路99-3號,049-2231401,,,,,,,,,,,,,3538010475,南投縣南投市,"內科,"
medical,盧牙醫診所,,,,,,,,,23.9106731,120.6845359,google_maps_result,醫療機構與人員基本資料,https://dep.mohw.gov.tw/doma/fp-4926-54415-106.html,,南投縣南投市中山街２４８號,049-2231589,,,,,,,,,,,,,3738010077,南投縣南投市,"牙醫一般科,"
medical,廖牙醫診所,,,,,,,,,23.9074106,120.68609289999999,google_maps_result,醫療機構與人員基本資料,https://dep.mohw.gov.tw/doma/fp-4926-54415-106.html,,南投縣南投市文昌街８４號,049-2222862,,,,,,,,,,,,,3738010120,南投縣南投市,"牙醫一般科,"
medical,慧和牙醫診所,,,,,,,,,23.9045517,120.6904964,google_maps_result,醫療機構與人員基本資料,https://dep.mohw.gov.tw/doma/fp-4926-54415-106.html,,南投縣南投市三和二路三號,049-2222928,,,,,,,,,,,,,3738010228,南投縣南投市,"牙醫一般科,"
medical,陳子柔牙醫診所,,,,,,,,,23.9153859,120.67978799999999,google_maps_result,醫療機構與人員基本資料,https://dep.mohw.gov.tw/doma/fp-4926-54415-106.html,,南投縣南投市彰南路二段366號,049-2206525,,,,,,,,,,,,,3738011378,南投縣南投市,"牙醫一般科,"
medical,子泰診所,,,,,,,,,23.913027,120.678218,google_maps_result,醫療機構與人員基本資料,https://dep.mohw.gov.tw/doma/fp-4926-54415-106.html,,南投縣南投市南崗二路298號1樓,049-2223013,,,,,,,,,,,,,3538012022,南投縣南投市,"兒科,"
medical,曾俊傑診所,,,,,,,,,23.9061093,120.6882728,google_maps_result,醫療機構與人員基本資料,https://dep.mohw.gov.tw/doma/fp-4926-54415-106.html,,南投縣南投市大同街１巷２號,049-2223875,,,,,,,,,,,,,3538010484,南投縣南投市,"家庭醫學科,"
medical,楊聰明診所,,,,,,,,,23.9116863,120.68520629999999,google_maps_result,醫療機構與人員基本資料,https://dep.mohw.gov.tw/doma/fp-4926-54415-106.html,,南投縣南投市復興路373號,049-2239955,,,,,,,,,,,,,3538010537,南投縣南投市,"西醫一般科,"
medical,新協合聯合診所,,,,,,,,,23.9036916,120.68684789999999,google_maps_result,醫療機構與人員基本資料,https://dep.mohw.gov.tw/doma/fp-4926-54415-106.html,,南投縣南投市三和二路105號,049-2222116,,,,,,,,,,,,,3538010573,南投縣南投市,"內科,"
medical,嘉欣診所,,,,,,,,,23.9026805,120.68597059999999,google_maps_result,醫療機構與人員基本資料,https://dep.mohw.gov.tw/doma/fp-4926-54415-106.html,,南投縣南投市彰南路一段937號1樓,049-2236318,,,,,,,,,,,,,3538011981,南投縣南投市,"家庭醫學科,"
medical,何耳鼻喉科診所,,,,,,,,,23.909002899999997,120.6872049,google_maps_result,醫療機構與人員基本資料,https://dep.mohw.gov.tw/doma/fp-4926-54415-106.html,,南投縣南投市民族路258號,0492222689,,,,,,,,,,,,,3538012040,南投縣南投市,"耳鼻喉科,"
medical,蔡長志診所,,,,,,,,,23.904124,120.688468,google_maps_result,醫療機構與人員基本資料,https://dep.mohw.gov.tw/doma/fp-4926-54415-106.html,,南投縣南投市三和二路63號,049-2233449,,,,,,,,,,,,,3538010019,南投縣南投市,"西醫一般科,"
medical,光振診所,,,,,,,,,23.9097419,120.687585,google_maps_result,醫療機構與人員基本資料,https://dep.mohw.gov.tw/doma/fp-4926-54415-106.html,,南投縣南投市大同街１７４號,049-2222757,,,,,,,,,,,,,3538010055,南投縣南投市,"西醫一般科,"
medical,陳文裕內兒科診所,,,,,,,,,23.906365599999997,120.6872228,google_maps_result,醫療機構與人員基本資料,https://dep.mohw.gov.tw/doma/fp-4926-54415-106.html,,南投縣南投市復興路159號,049-2225123,,,,,,,,,,,,,3538010171,南投縣南投市,"內科,兒科,"
medical,聰安耳鼻喉科診所,,,,,,,,,23.906917099999998,120.6871482,google_maps_result,醫療機構與人員基本資料,https://dep.mohw.gov.tw/doma/fp-4926-54415-106.html,,南投縣南投市復興路191號,049-2235876,,,,,,,,,,,,,3538010180,南投縣南投市,"兒科,耳鼻喉科,"
medical,李澤霖耳鼻喉科診所,,,,,,,,,23.9074363,120.68561969999999,google_maps_result,醫療機構與人員基本資料,https://dep.mohw.gov.tw/doma/fp-4926-54415-106.html,,南投縣南投市文昌街98號,049-2221727,,,,,,,,,,,,,3538010215,南投縣南投市,"耳鼻喉科,"
medical,楊鎮安診所,,,,,,,,,23.9098243,120.68476869999999,google_maps_result,醫療機構與人員基本資料,https://dep.mohw.gov.tw/doma/fp-4926-54415-106.html,,南投縣南投市民生街47號,049-2221135,,,,,,,,,,,,,3538010233,南投縣南投市,"內科,兒科,"
medical,劉外科診所,,,,,,,,,23.903813,120.687541,google_maps_result,醫療機構與人員基本資料,https://dep.mohw.gov.tw/doma/fp-4926-54415-106.html,,南投縣南投市三和二路85號,049-2225147,,,,,,,,,,,,,3538010288,南投縣南投市,"外科,"
medical,許內兒科診所,,,,,,,,,23.9088094,120.6868228,google_maps_result,醫療機構與人員基本資料,https://dep.mohw.gov.tw/doma/fp-4926-54415-106.html,,南投縣南投市民族路280號,049-2221892,,,,,,,,,,,,,3538010304,南投縣南投市,"內科,兒科,"
medical,陳外科診所,,,,,,,,,23.9104642,120.68479629999999,google_maps_result,醫療機構與人員基本資料,https://dep.mohw.gov.tw/doma/fp-4926-54415-106.html,,南投縣南投市中山街238號,049-2222206,,,,,,,,,,,,,3538010322,南投縣南投市,"外科,"
medical,眾安診所,,,,,,,,,23.907248199999998,120.68674689999999,google_maps_result,醫療機構與人員基本資料,https://dep.mohw.gov.tw/doma/fp-4926-54415-106.html,,南投縣南投市文昌街75號,049-2235829,,,,,,,,,,,,,3538010420,南投縣南投市,"西醫一般科,"
medical,馨生婦產科小兒科診所,,,,,,,,,23.9055909,120.68695059999999,google_maps_result,醫療機構與人員基本資料,https://dep.mohw.gov.tw/doma/fp-4926-54415-106.html,,南投縣南投市中山街14巷13號1.2.3.5樓，15號1-2樓,049-2206626,,,,,,,,,,,,,3538011712,南投縣南投市,"兒科,婦產科,"
medical,德林婦產科診所(德林聯合門診),,,,,,,,,23.909548899999997,120.6898918,google_maps_result,醫療機構與人員基本資料,https://dep.mohw.gov.tw/doma/fp-4926-54415-106.html,,南投縣南投市民族路165-1號,049-2233088,,,,,,,,,,,,,3538011767,南投縣南投市,"婦產科,"
medical,徐紹倍皮膚科診所,,,,,,,,,23.9040975,120.6907007,google_maps_result,醫療機構與人員基本資料,https://dep.mohw.gov.tw/doma/fp-4926-54415-106.html,,南投縣南投市中興路620-2號,049-2208475,,,,,,,,,,,,,3538011801,南投縣南投市,"皮膚科,"
medical,陳祖永眼科診所,,,,,,,,,23.9040557,120.68805719999999,google_maps_result,醫療機構與人員基本資料,https://dep.mohw.gov.tw/doma/fp-4926-54415-106.html,,南投縣南投市復興路96-2號1F,049-2240131,,,,,,,,,,,,,3538011847,南投縣南投市,"眼科,"
medical,得生診所,,,,,,,,,23.9077447,120.6848035,google_maps_result,醫療機構與人員基本資料,https://dep.mohw.gov.tw/doma/fp-4926-54415-106.html,,南投縣南投市民族路325號,049-2238175,,,,,,,,,,,,,3538010448,南投縣南投市,"西醫一般科,"
medical,建華中醫診所,,,,,,,,,23.9035709,120.69003339999999,google_maps_result,醫療機構與人員基本資料,https://dep.mohw.gov.tw/doma/fp-4926-54415-106.html,,南投縣南投市公園南街101號1樓,049-2227580,,,,,,,,,,,,,3838011405,南投縣南投市,"中醫一般科,"
medical,一心堂中醫診所,,,,,,,,,23.9089931,120.6863449,google_maps_result,醫療機構與人員基本資料,https://dep.mohw.gov.tw/doma/fp-4926-54415-106.html,,南投縣南投市復興路257號,049-2221936,,,,,,,,,,,,,3838011414,南投縣南投市,"中醫一般科,"
medical,名淵內兒科診所,,,,,,,,,23.909050999999998,120.6875153,google_maps_result,醫療機構與人員基本資料,https://dep.mohw.gov.tw/doma/fp-4926-54415-106.html,,南投縣南投市民族路244號,049-2222818,,,,,,,,,,,,,3538010199,南投縣南投市,"內科,兒科,"
medical,英仁外科診所,,,,,,,,,23.9115874,120.6850008,google_maps_result,醫療機構與人員基本資料,https://dep.mohw.gov.tw/doma/fp-4926-54415-106.html,,南投縣南投市玉井街98號,049-2234745,,,,,,,,,,,,,3538010251,南投縣南投市,"外科,"
medical,黃子卿小兒科診所,,,,,,,,,23.9099242,120.69082809999999,google_maps_result,醫療機構與人員基本資料,https://dep.mohw.gov.tw/doma/fp-4926-54415-106.html,,南投縣南投市民族路123號1-2樓,0926-925182,,,,,,,,,,,,,3538012095,南投縣南投市,"兒科,"
medical,惠良精神科診所,,,,,,,,,23.9034169,120.6891412,google_maps_result,醫療機構與人員基本資料,https://dep.mohw.gov.tw/doma/fp-4926-54415-106.html,,南投縣南投市大同南街24號1F,049-2208296,,,,,,,,,,,,,3538012077,南投縣南投市,"精神科,"
medical,平安診所,,,,,,,,,23.908506199999998,120.63709089999999,google_maps_result,醫療機構與人員基本資料,https://dep.mohw.gov.tw/doma/fp-4926-54415-106.html,,南投縣南投市八德路376號1樓,049-2291653,,,,,,,,,,,,,3538012068,南投縣南投市,"家庭醫學科,"
medical,幼安小兒科診所,,,,,,,,,23.9087443,120.68740299999999,google_maps_result,醫療機構與人員基本資料,https://dep.mohw.gov.tw/doma/fp-4926-54415-106.html,,南投縣南投市民族路243號,049-2206706,,,,,,,,,,,,,3538012086,南投縣南投市,"兒科,"
medical,福氣中醫診所,,,,,,,,,23.9423131,120.69222459999999,google_maps_result,醫療機構與人員基本資料,https://dep.mohw.gov.tw/doma/fp-4926-54415-106.html,,南投縣南投市仁德路136號1樓,049-2372567,,,,,,,,,,,,,3838011558,南投縣南投市,"中醫一般科,"
medical,建安中醫診所,,,,,,,,,23.9056397,120.6866929,google_maps_result,醫療機構與人員基本資料,https://dep.mohw.gov.tw/doma/fp-4926-54415-106.html,,南投縣南投市中山街16號,049-2222874,,,,,,,,,,,,,3838011503,南投縣南投市,"中醫一般科,"
medical,禾安中醫診所,,,,,,,,,23.908922099999998,120.68727109999999,google_maps_result,醫療機構與人員基本資料,https://dep.mohw.gov.tw/doma/fp-4926-54415-106.html,,南投縣南投市民族路260號1樓,049-2233385,,,,,,,,,,,,,3838011549,南投縣南投市,"中醫一般科,"
medical,富康中醫診所,,,,,,,,,23.9143315,120.67815239999999,google_maps_result,醫療機構與人員基本資料,https://dep.mohw.gov.tw/doma/fp-4926-54415-106.html,,南投縣南投市祖祠路275號1F,049-2242625,,,,,,,,,,,,,3838011521,南投縣南投市,"中醫一般科,"
medical,詠欣牙醫診所,,,,,,,,,23.9100096,120.69036919999999,google_maps_result,醫療機構與人員基本資料,https://dep.mohw.gov.tw/doma/fp-4926-54415-106.html,,南投縣南投市民族路150號1至2樓,0492203999,,,,,,,,,,,,,3738011467,南投縣南投市,"牙醫一般科,"
medical,立德牙醫診所,,,,,,,,,23.9030582,120.68920999999999,google_maps_result,醫療機構與人員基本資料,https://dep.mohw.gov.tw/doma/fp-4926-54415-106.html,,南投縣南投市大同南街2-2號,049-2200113,,,,,,,,,,,,,3738011458,南投縣南投市,"牙醫一般科,"
medical,南投縣南投市衛生所,,,,,,,,,23.902588599999998,120.6887489,google_maps_result,醫療機構與人員基本資料,https://dep.mohw.gov.tw/doma/fp-4926-54415-106.html,,南投縣南投市三和一路13號,049223264,,,,,,,,,,,,,2338010014,南投縣南投市,"西醫一般科,"
medical,陳加偉耳鼻喉科診所,,,,,,,,,23.9048269,120.6875329,google_maps_result,醫療機構與人員基本資料,https://dep.mohw.gov.tw/doma/fp-4926-54415-106.html,,南投縣南投市復興路109號,0492200679,,,,,,,,,,,,,3538011810,南投縣南投市,"耳鼻喉科,"
medical,景聖耳鼻喉科診所,,,,,,,,,23.9085793,120.6918321,google_maps_result,醫療機構與人員基本資料,https://dep.mohw.gov.tw/doma/fp-4926-54415-106.html,,南投縣南投市中興路502-1號,2244768,,,,,,,,,,,,,3538011865,南投縣南投市,"耳鼻喉科,"
medical,宜民牙醫診所,,,,,,,,,23.9148799,120.6837832,google_maps_result,醫療機構與人員基本資料,https://dep.mohw.gov.tw/doma/fp-4926-54415-106.html,,南投縣南投市漳興里復興路493號,0921-046269,,,,,,,,,,,,,3738011449,南投縣南投市,"牙醫一般科,"
medical,芸禾中醫診所,,,,,,,,,23.910292899999998,120.69142219999999,google_maps_result,醫療機構與人員基本資料,https://dep.mohw.gov.tw/doma/fp-4926-54415-106.html,,南投縣南投市平和里民族路98號1樓,049-2224194,,,,,,,,,,,,,3838011576,南投縣南投市,"中醫一般科,"
medical,尚恩親子耳鼻喉科診所,,,,,,,,,23.906142499999998,120.6896024,google_maps_result,醫療機構與人員基本資料,https://dep.mohw.gov.tw/doma/fp-4926-54415-106.html,,南投縣南投市三和里公園南街3號1樓,0963-426835,,,,,,,,,,,,,3538012193,南投縣南投市,"耳鼻喉科,"
medical,詠祥中醫診所,,,,,,,,,23.9094718,120.6853969,google_maps_result,醫療機構與人員基本資料,https://dep.mohw.gov.tw/doma/fp-4926-54415-106.html,,南投縣南投市中山街191、193號1樓,049-2240366,,,,,,,,,,,,,3838011585,南投縣南投市,"中醫一般科,"
medical,坤融中醫診所,,,,,,,,,23.908863999999998,120.68605,google_maps_result,醫療機構與人員基本資料,https://dep.mohw.gov.tw/doma/fp-4926-54415-106.html,,南投縣南投市中山街154號1F,049-2233336,,,,,,,,,,,,,3838011423,南投縣南投市,"中醫一般科,"
medical,希望牙醫診所,,,,,,,,,23.9050521,120.688547,google_maps_result,醫療機構與人員基本資料,https://dep.mohw.gov.tw/doma/fp-4926-54415-106.html,,南投縣南投市三和里大同南街85號,049-2228500,,,,,,,,,,,,,3738011421,南投縣南投市,"牙醫一般科,"
medical,彰化基督教醫療財團法人南投基督教醫院,,,,,,,,,23.898894499999997,120.6839696,google_maps_result,醫療機構與人員基本資料,https://dep.mohw.gov.tw/doma/fp-4926-54415-106.html,,南投縣南投市中興路870號,049-2225535,,,,,,,,,,,,,1138010019,南投縣南投市,"家庭醫學科,內科,外科,骨科,神經科,泌尿科,眼科,復健科,麻醉科,放射診斷科,急診醫學科,中醫一般科,"
medical,忠聖診所,,,,,,,,,23.9096656,120.68538029999999,google_maps_result,醫療機構與人員基本資料,https://dep.mohw.gov.tw/doma/fp-4926-54415-106.html,,南投縣南投市中山街195號1F,049-2241359,,,,,,,,,,,,,3538012166,南投縣南投市,"內科,復健科,"
medical,隆安中醫診所,,,,,,,,,23.908369,120.685026,google_maps_result,醫療機構與人員基本資料,https://dep.mohw.gov.tw/doma/fp-4926-54415-106.html,,南投縣南投市彰南路二段8號1F,049-2222317,,,,,,,,,,,,,3838010328,南投縣南投市,"中醫一般科,"
medical,鑽石牙醫診所,,,,,,,,,23.906083499999998,120.69037469999999,google_maps_result,醫療機構與人員基本資料,https://dep.mohw.gov.tw/doma/fp-4926-54415-106.html,,南投縣南投市中興路566號,049-2205666,,,,,,,,,,,,,3738011430,南投縣南投市,"牙醫一般科,"
medical,中心診所,,,,,,,,,23.9093807,120.6846156,google_maps_result,醫療機構與人員基本資料,https://dep.mohw.gov.tw/doma/fp-4926-54415-106.html,,南投縣南投市彰南路二段50號,049-2222470,,,,,,,,,,,,,3538010144,南投縣南投市,"內科,外科,"
medical,寶嶸診所,,,,,,,,,23.9102246,120.6909948,google_maps_result,醫療機構與人員基本資料,https://dep.mohw.gov.tw/doma/fp-4926-54415-106.html,,南投縣南投市民族路120號1樓,2208906,,,,,,,,,,,,,3538012184,南投縣南投市,"西醫一般科,"
medical,德林內科診所(德林聯合門診),,,,,,,,,23.909548899999997,120.6898918,google_maps_result,醫療機構與人員基本資料,https://dep.mohw.gov.tw/doma/fp-4926-54415-106.html,,南投縣南投市民族路165-1號,049-2233088,,,,,,,,,,,,,3538011776,南投縣南投市,"內科,"
medical,順安中醫診所,,,,,,,,,23.909364099999998,120.68746669999999,google_maps_result,醫療機構與人員基本資料,https://dep.mohw.gov.tw/doma/fp-4926-54415-106.html,,南投縣南投市大同街149號,0928956685,,,,,,,,,,,,,3838011487,南投縣南投市,"中醫一般科,"
medical,義德診所,,,,,,,,,23.9084511,120.6847337,google_maps_result,醫療機構與人員基本資料,https://dep.mohw.gov.tw/doma/fp-4926-54415-106.html,,南投縣南投市彰南路二段１５號,049-2222088,,,,,,,,,,,,,3538011678,南投縣南投市,"西醫一般科,"
medical,萬寶堂中醫診所,,,,,,,,,23.904024,120.6906851,google_maps_result,醫療機構與人員基本資料,https://dep.mohw.gov.tw/doma/fp-4926-54415-106.html,,南投縣南投市中興路628號,0910-419176,,,,,,,,,,,,,3838011478,南投縣南投市,"中醫一般科,"
medical,亞中診所,,,,,,,,,23.910029899999998,120.68594999999999,google_maps_result,醫療機構與人員基本資料,https://dep.mohw.gov.tw/doma/fp-4926-54415-106.html,,南投縣南投市復興路307號,049-2227374,,,,,,,,,,,,,3538010528,南投縣南投市,"家庭醫學科,"
medical,健華牙醫診所,,,,,,,,,23.9106943,120.69346739999999,google_maps_result,醫療機構與人員基本資料,https://dep.mohw.gov.tw/doma/fp-4926-54415-106.html,,南投縣南投市民族路5號,049-2208888,,,,,,,,,,,,,3738011403,南投縣南投市,"牙醫一般科,"
medical,農安診所,,,,,,,,,23.906986,120.6876406,google_maps_result,醫療機構與人員基本資料,https://dep.mohw.gov.tw/doma/fp-4926-54415-106.html,,南投縣南投市文昌街,049-2208679,,,,,,,,,,,,,3538012200,南投縣南投市,"內科,"
medical,維康中醫診所,,,,,,,,,23.9082843,120.6822409,google_maps_center,醫療機構與人員基本資料,https://dep.mohw.gov.tw/doma/fp-4926-54415-106.html,,南投縣南投市三和一路87號1樓,2240557,,,,,,,,,,,,,3838011469,南投縣南投市,"中醫一般科,"
medical,永吉診所,,,,,,,,,23.9098637,120.6850789,google_maps_result,醫療機構與人員基本資料,https://dep.mohw.gov.tw/doma/fp-4926-54415-106.html,,南投縣南投市民生街35號,049-2226606,,,,,,,,,,,,,3538010091,南投縣南投市,"內科,兒科,"
medical,蔡良迪診所,,,,,,,,,23.9460952,120.6913021,google_maps_result,醫療機構與人員基本資料,https://dep.mohw.gov.tw/doma/fp-4926-54415-106.html,,南投縣南投市中學西路85號,,,,,,,,,,,,,,3538011918,南投縣南投市,"內科,"
medical,淵源診所,,,,,,,,,23.908687099999998,120.6863035,google_maps_result,醫療機構與人員基本資料,https://dep.mohw.gov.tw/doma/fp-4926-54415-106.html,,南投縣南投市民族路300號,049-2222171,,,,,,,,,,,,,3538011758,南投縣南投市,"西醫一般科,"
medical,衛生福利部南投醫院,,,,,,,,,23.914007899999998,120.6849431,google_maps_result,醫療機構與人員基本資料,https://dep.mohw.gov.tw/doma/fp-4926-54415-106.html,,南投縣南投市復興路478號,049231150,,,,,,,,,,,,,0138010027,南投縣南投市,"家庭醫學科,內科,外科,兒科,婦產科,骨科,神經科,神經外科,泌尿科,眼科,皮膚科,精神科,復健科,麻醉科,放射診斷科,放射腫瘤科,解剖病理科,臨床病理科,核子醫學科,急診醫學科,整形外科,牙醫一般科,中醫一般科,"
medical,祐川牙醫診所,,,,,,,,,23.909863899999998,120.68725789999999,google_maps_result,醫療機構與人員基本資料,https://dep.mohw.gov.tw/doma/fp-4926-54415-106.html,,南投縣南投市民權街５６號,049-2222238,,,,,,,,,,,,,3738010068,南投縣南投市,"牙醫一般科,"
medical,立大牙醫診所,,,,,,,,,23.912996999999997,120.683129,google_maps_result,醫療機構與人員基本資料,https://dep.mohw.gov.tw/doma/fp-4926-54415-106.html,,南投縣南投市南陽路369號,049-2236720,,,,,,,,,,,,,3738010095,南投縣南投市,"牙醫一般科,"
medical,杏蓉牙醫診所,,,,,,,,,23.9275935,120.66924979999999,google_maps_result,醫療機構與人員基本資料,https://dep.mohw.gov.tw/doma/fp-4926-54415-106.html,,南投縣南投市南崗三路60號,049-2250456,,,,,,,,,,,,,3738010157,南投縣南投市,"牙醫一般科,"
medical,統一牙醫診所,,,,,,,,,23.9081442,120.6881758,google_maps_result,醫療機構與人員基本資料,https://dep.mohw.gov.tw/doma/fp-4926-54415-106.html,,南投縣南投市龍井街２７號,049223408,,,,,,,,,,,,,3738010175,南投縣南投市,"牙醫一般科,"
medical,安泰牙醫診所,,,,,,,,,23.9057389,120.68706399999999,google_maps_result,醫療機構與人員基本資料,https://dep.mohw.gov.tw/doma/fp-4926-54415-106.html,,南投縣南投市中山街14巷17號,2201703,,,,,,,,,,,,,3738010273,南投縣南投市,"牙醫一般科,"
medical,華信牙醫診所,,,,,,,,,23.9039489,120.6863748,google_maps_result,醫療機構與人員基本資料,https://dep.mohw.gov.tw/doma/fp-4926-54415-106.html,,南投縣南投市三和二路８６號,049-2200368,,,,,,,,,,,,,3738010308,南投縣南投市,"牙醫一般科,"
medical,日新牙醫診所,,,,,,,,,23.9049831,120.6847166,google_maps_result,醫療機構與人員基本資料,https://dep.mohw.gov.tw/doma/fp-4926-54415-106.html,,南投縣南投市集賢路18號,049-2222093,,,,,,,,,,,,,3738011332,南投縣南投市,"牙醫一般科,"
medical,仁和牙醫診所,,,,,,,,,23.915351899999997,120.67981289999999,google_maps_result,醫療機構與人員基本資料,https://dep.mohw.gov.tw/doma/fp-4926-54415-106.html,,南投縣南投市彰南路二段364號,049-2239922,,,,,,,,,,,,,3738011369,南投縣南投市,"牙醫一般科,"
medical,康雅牙醫診所,,,,,,,,,23.906096899999998,120.688234,google_maps_result,醫療機構與人員基本資料,https://dep.mohw.gov.tw/doma/fp-4926-54415-106.html,,南投縣南投市大同街3號,049-22293733,,,,,,,,,,,,,3738011387,南投縣南投市,"牙醫一般科,"
medical,同慶中醫診所,,,,,,,,,23.907230199999997,120.6873653,google_maps_result,醫療機構與人員基本資料,https://dep.mohw.gov.tw/doma/fp-4926-54415-106.html,,南投縣南投市文昌街５７號1樓、地下1樓,049-2227623,,,,,,,,,,,,,3838010266,南投縣南投市,"中醫一般科,"
medical,陳清隆中醫診所,,,,,,,,,23.905757299999998,120.6871305,google_maps_result,醫療機構與人員基本資料,https://dep.mohw.gov.tw/doma/fp-4926-54415-106.html,,南投縣南投市中山街１４巷２１號,,,,,,,,,,,,,,3838010293,南投縣南投市,"中醫一般科,"
medical,仁愛中醫診所,,,,,,,,,23.9028521,120.6860004,google_maps_result,醫療機構與人員基本資料,https://dep.mohw.gov.tw/doma/fp-4926-54415-106.html,,南投縣南投市彰南路一段943號,049-2226706,,,,,,,,,,,,,3838011361,南投縣南投市,"中醫一般科,"
medical,惠生中醫診所,,,,,,,,,23.9170373,120.6782533,google_maps_result,醫療機構與人員基本資料,https://dep.mohw.gov.tw/doma/fp-4926-54415-106.html,,南投縣南投市漳和里彰南路二段４７９號,049-2223179,,,,,,,,,,,,,3838010033,南投縣南投市,"中醫一般科,"
medical,德安中醫診所,,,,,,,,,23.918406599999997,120.6782875,google_maps_result,醫療機構與人員基本資料,https://dep.mohw.gov.tw/doma/fp-4926-54415-106.html,,南投縣南投市彰南路二段510號,049-2252775,,,,,,,,,,,,,3838010131,南投縣南投市,"中醫一般科,"
medical,合德中醫診所,,,,,,,,,23.905006099999998,120.69055859999999,google_maps_result,醫療機構與人員基本資料,https://dep.mohw.gov.tw/doma/fp-4926-54415-106.html,,南投縣南投市中興路608號,049-2243197,,,,,,,,,,,,,3838010239,南投縣南投市,"中醫一般科,"
medical,一品堂中醫診所,,,,,,,,,23.9036631,120.6880765,google_maps_result,醫療機構與人員基本資料,https://dep.mohw.gov.tw/doma/fp-4926-54415-106.html,,南投縣南投市復興路78號1樓,049-2228696,,,,,,,,,,,,,3838010248,南投縣南投市,"中醫一般科,"
medical,仲治診所,,,,,,,,,23.904804799999997,120.68386199999999,google_maps_result,醫療機構與人員基本資料,https://dep.mohw.gov.tw/doma/fp-4926-54415-106.html,,南投縣南投市集賢路58號1樓,049-2202600,,,,,,,,,,,,,3538012059,南投縣南投市,"西醫一般科,"
medical,子泰診所,,,,,,,,,23.913027,120.678218,google_maps_result,醫療機構與人員基本資料,https://dep.mohw.gov.tw/doma/fp-4926-54415-106.html,,南投縣南投市南崗二路298號1樓,049-2223013,,,,,,,,,,,,,3538012022,南投縣南投市,"兒科,"
medical,亞中診所,,,,,,,,,23.910029899999998,120.68594999999999,google_maps_result,醫療機構與人員基本資料,https://dep.mohw.gov.tw/doma/fp-4926-54415-106.html,,南投縣南投市復興路307號,049-2227374,,,,,,,,,,,,,3538010528,南投縣南投市,"家庭醫學科,"
medical,現代牙醫診所,,,,,,,,,23.9145382,120.6803947,google_maps_result,醫療機構與人員基本資料,https://dep.mohw.gov.tw/doma/fp-4926-54415-106.html,,南投縣南投市彰南路二段３２８號,049-2209226,,,,,,,,,,,,,3738010264,南投縣南投市,"牙醫一般科,"
medical,中興大愛中醫診所,,,,,,,,,23.950312,120.6890875,google_maps_result,醫療機構與人員基本資料,https://dep.mohw.gov.tw/doma/fp-4926-54415-106.html,,南投縣南投市營北里學藝路5號,049-2331339,,,,,,,,,,,,,3838011530,南投縣南投市,"中醫一般科,"
medical,李月瑛小兒科診所,,,,,,,,,23.903846899999998,120.688099,google_maps_result,醫療機構與人員基本資料,https://dep.mohw.gov.tw/doma/fp-4926-54415-106.html,,南投縣南投市復興路88號,049-2230981,,,,,,,,,,,,,3538010439,南投縣南投市,"兒科,"
medical,全美牙醫診所,,,,,,,,,23.9120143,120.68112629999999,google_maps_result,醫療機構與人員基本資料,https://dep.mohw.gov.tw/doma/fp-4926-54415-106.html,,南投縣南投市南陽路486號,2244185,,,,,,,,,,,,,3738011350,南投縣南投市,"牙醫一般科,"
medical,佑昇牙醫診所,,,,,,,,,23.903686999999998,120.688136,google_maps_result,醫療機構與人員基本資料,https://dep.mohw.gov.tw/doma/fp-4926-54415-106.html,,南投縣南投市復興路８０號,049-2244011,,,,,,,,,,,,,3738010200,南投縣南投市,"牙醫一般科,"
medical,新和牙醫診所,,,,,,,,,23.9109512,120.6918142,google_maps_result,醫療機構與人員基本資料,https://dep.mohw.gov.tw/doma/fp-4926-54415-106.html,,南投縣南投市信義街13、15號,049-2208711,,,,,,,,,,,,,3738011412,南投縣南投市,"牙醫一般科,"
medical,致遠身心科診所,,,,,,,,,23.912575999999998,120.68214599999999,google_maps_result,醫療機構與人員基本資料,https://dep.mohw.gov.tw/doma/fp-4926-54415-106.html,,南投縣南投市南陽路415號1樓,0926313847,,,,,,,,,,,,,3538012175,南投縣南投市,"精神科,"
medical,蔡良迪診所,,,,,,,,,23.9460952,120.6913021,google_maps_result,醫療機構與人員基本資料,https://dep.mohw.gov.tw/doma/fp-4926-54415-106.html,,南投縣南投市中學西路85號,,,,,,,,,,,,,,3538011918,南投縣南投市,"內科,"
medical,元和堂中醫診所,,,,,,,,,23.943282999999997,120.6939738,google_maps_result,醫療機構與人員基本資料,https://dep.mohw.gov.tw/doma/fp-4926-54415-106.html,,南投縣南投市仁德路五十七號,049-2231150,,,,,,,,,,,,,3838010275,南投縣南投市,"中醫一般科,"
medical,大千診所,,,,,,,,,23.9039652,120.6878261,google_maps_result,醫療機構與人員基本資料,https://dep.mohw.gov.tw/doma/fp-4926-54415-106.html,,南投縣南投市復興路99-4號,049-2241856,,,,,,,,,,,,,3538010466,南投縣南投市,"西醫一般科,"
medical,簡美華眼科診所,,,,,,,,,23.904248,120.68918989999999,google_maps_result,醫療機構與人員基本資料,https://dep.mohw.gov.tw/doma/fp-4926-54415-106.html,,南投縣南投市三和二路39號,049-2222319,,,,,,,,,,,,,3538010546,南投縣南投市,"眼科,"
medical,詹建盛診所,,,,,,,,,23.911583399999998,120.6811796,google_maps_result,醫療機構與人員基本資料,https://dep.mohw.gov.tw/doma/fp-4926-54415-106.html,,南投縣南投市南陽路475號,049-2243055,,,,,,,,,,,,,3538010555,南投縣南投市,"西醫一般科,"
medical,黃皮膚科診所,,,,,,,,,23.9036722,120.6878943,google_maps_result,醫療機構與人員基本資料,https://dep.mohw.gov.tw/doma/fp-4926-54415-106.html,,南投縣南投市復興路９１號,049-2204786,,,,,,,,,,,,,3538010644,南投縣南投市,"皮膚科,"
medical,梁力仁診所,,,,,,,,,23.916116199999998,120.67910099999999,google_maps_result,醫療機構與人員基本資料,https://dep.mohw.gov.tw/doma/fp-4926-54415-106.html,,南投縣南投市彰南路二段400號1樓,049-2202155,,,,,,,,,,,,,3538010662,南投縣南投市,"家庭醫學科,"
medical,南投縣慢性病防治所,,,,,,,,,23.902520499999998,120.6884832,google_maps_result,醫療機構與人員基本資料,https://dep.mohw.gov.tw/doma/fp-4926-54415-106.html,,南投縣南投市三和一路15號,049228471,,,,,,,,,,,,,2238010012,南投縣南投市,"西醫一般科,"
medical,泰全診所,,,,,,,,,23.903718599999998,120.6890313,google_maps_result,醫療機構與人員基本資料,https://dep.mohw.gov.tw/doma/fp-4926-54415-106.html,,南投縣南投市大同南街30號,049-2225677,,,,,,,,,,,,,3538010037,南投縣南投市,"西醫一般科,"
medical,馬冠中內科診所,,,,,,,,,23.903766899999997,120.68811799999999,google_maps_result,醫療機構與人員基本資料,https://dep.mohw.gov.tw/doma/fp-4926-54415-106.html,,南投縣南投市復興路84號,049-2202833,,,,,,,,,,,,,3538010582,南投縣南投市,"內科,"
medical,生元中醫診所,,,,,,,,,23.9046552,120.6846209,google_maps_result,醫療機構與人員基本資料,https://dep.mohw.gov.tw/doma/fp-4926-54415-106.html,,南投縣南投市三興里集賢路31號,049-2222865,,,,,,,,,,,,,3838011512,南投縣南投市,"中醫一般科,"
medical,佳成小兒科診所,,,,,,,,,23.905002,120.6843162,google_maps_result,醫療機構與人員基本資料,https://dep.mohw.gov.tw/doma/fp-4926-54415-106.html,,南投縣南投市集賢路34號1樓,2231115,,,,,,,,,,,,,3538011883,南投縣南投市,"兒科,"
medical,明光眼科診所,,,,,,,,,23.905772,120.68723,google_maps_result,醫療機構與人員基本資料,https://dep.mohw.gov.tw/doma/fp-4926-54415-106.html,,南投縣南投市中山街14巷23號,049-2233979,,,,,,,,,,,,,3538010340,南投縣南投市,"眼科,"
medical,聖恩中醫診所,,,,,,,,,23.9008215,120.6864691,google_maps_result,醫療機構與人員基本資料,https://dep.mohw.gov.tw/doma/fp-4926-54415-106.html,,南投縣南投市嘉和北路17、19號1樓,049-2220565,,,,,,,,,,,,,3838011432,南投縣南投市,"中醫一般科,"
medical,福樂診所,,,,,,,,,23.9707856,120.9770222,google_maps_result,醫療機構與人員基本資料,https://dep.mohw.gov.tw/doma/fp-4926-54415-106.html,,南投縣埔里鎮和平東路413號,049-2900977,,,,,,,,,,,,,3538022608,南投縣埔里鎮,"內科,"
medical,一弘診所,,,,,,,,,23.968688699999998,120.963933,google_maps_result,醫療機構與人員基本資料,https://dep.mohw.gov.tw/doma/fp-4926-54415-106.html,,南投縣埔里鎮中正一路22號,049-2983192,,,,,,,,,,,,,3538020042,南投縣埔里鎮,"家庭醫學科,"
medical,童小兒家醫科聯合診所,,,,,,,,,23.9648985,120.967806,google_maps_result,醫療機構與人員基本資料,https://dep.mohw.gov.tw/doma/fp-4926-54415-106.html,,南投縣埔里鎮中正路408號,049-2983212,,,,,,,,,,,,,3538020168,南投縣埔里鎮,"家庭醫學科,兒科,"
medical,江診所,,,,,,,,,23.9640187,120.9659896,google_maps_result,醫療機構與人員基本資料,https://dep.mohw.gov.tw/doma/fp-4926-54415-106.html,,南投縣埔里鎮中山路二段３８６號,049-2983713,,,,,,,,,,,,,3538020177,南投縣埔里鎮,"西醫一般科,"
medical,黃正誠診所,,,,,,,,,23.965406299999998,120.9658666,google_maps_result,醫療機構與人員基本資料,https://dep.mohw.gov.tw/doma/fp-4926-54415-106.html,,南投縣埔里鎮西安路一段76號,049-2982577,,,,,,,,,,,,,3538020319,南投縣埔里鎮,"家庭醫學科,外科,"
medical,泰源診所,,,,,,,,,23.966898099999998,120.962689,google_maps_result,醫療機構與人員基本資料,https://dep.mohw.gov.tw/doma/fp-4926-54415-106.html,,南投縣埔里鎮中山路三段１２８號,049-2983878,,,,,,,,,,,,,3538020382,南投縣埔里鎮,"內科,兒科,"
medical,詹診所,,,,,,,,,23.963677,120.9718575,google_maps_result,醫療機構與人員基本資料,https://dep.mohw.gov.tw/doma/fp-4926-54415-106.html,,南投縣埔里鎮北辰街1號,049-2980289,,,,,,,,,,,,,3538020499,南投縣埔里鎮,"西醫一般科,"
medical,安泰診所,,,,,,,,,23.966631099999997,120.9658173,google_maps_result,醫療機構與人員基本資料,https://dep.mohw.gov.tw/doma/fp-4926-54415-106.html,,南投縣埔里鎮中正路460號,049-2987289,,,,,,,,,,,,,3538020506,南投縣埔里鎮,"西醫一般科,"
medical,南投縣埔里鎮衛生所,,,,,,,,,23.9671117,120.9685859,google_maps_result,醫療機構與人員基本資料,https://dep.mohw.gov.tw/doma/fp-4926-54415-106.html,,南投縣埔里鎮中山路二段256號,0492982157,,,,,,,,,,,,,2338020010,南投縣埔里鎮,"家庭醫學科,"
medical,自然牙醫診所,,,,,,,,,23.9688306,120.9565293,google_maps_result,醫療機構與人員基本資料,https://dep.mohw.gov.tw/doma/fp-4926-54415-106.html,,南投縣埔里鎮中山路三段341號1F,049-2918186,,,,,,,,,,,,,3738021418,南投縣埔里鎮,"牙醫一般科,"
medical,首茗中醫診所,,,,,,,,,23.9640268,120.96998719999999,google_maps_result,醫療機構與人員基本資料,https://dep.mohw.gov.tw/doma/fp-4926-54415-106.html,,南投縣埔里鎮東華路120號1樓,049-2985015,,,,,,,,,,,,,3838021287,南投縣埔里鎮,"中醫一般科,"
medical,晟瑞中醫診所,,,,,,,,,23.9727244,120.9685586,google_maps_result,醫療機構與人員基本資料,https://dep.mohw.gov.tw/doma/fp-4926-54415-106.html,,南投縣埔里鎮信義路335巷1號1樓,049-2989893,,,,,,,,,,,,,3838021330,南投縣埔里鎮,"中醫一般科,"
medical,賴雅雲眼科診所(張大川聯合診所),,,,,,,,,23.966082399999998,120.9633283,google_maps_result,醫療機構與人員基本資料,https://dep.mohw.gov.tw/doma/fp-4926-54415-106.html,,南投縣埔里鎮中山路三段89號1樓,049-2998980,,,,,,,,,,,,,3538022386,南投縣埔里鎮,"眼科,"
medical,春日部牙醫診所,,,,,,,,,23.9636799,120.9646789,google_maps_result,醫療機構與人員基本資料,https://dep.mohw.gov.tw/doma/fp-4926-54415-106.html,,南投縣埔里鎮清新里南興街258號1樓,049-2421292,,,,,,,,,,,,,3738021427,南投縣埔里鎮,"牙醫一般科,"
medical,南華中醫診所,,,,,,,,,23.9734409,120.9627561,google_maps_result,醫療機構與人員基本資料,https://dep.mohw.gov.tw/doma/fp-4926-54415-106.html,,南投縣埔里鎮中正路633、635號1樓,049-2916993,,,,,,,,,,,,,3838021312,南投縣埔里鎮,"中醫一般科,"
medical,普仁診所,,,,,,,,,24.0028221,120.94560399999999,google_maps_result,醫療機構與人員基本資料,https://dep.mohw.gov.tw/doma/fp-4926-54415-106.html,,南投縣埔里鎮一新里東峰路19號,049-2930373,,,,,,,,,,,,,3538022751,南投縣埔里鎮,"家庭醫學科,"
medical,黃稚晴診所,,,,,,,,,23.9658037,120.96522929999999,google_maps_result,醫療機構與人員基本資料,https://dep.mohw.gov.tw/doma/fp-4926-54415-106.html,,南投縣埔里鎮南昌街198號1樓,,,,,,,,,,,,,,3538022715,南投縣埔里鎮,"家庭醫學科,"
medical,許瑞娟診所,,,,,,,,,23.9655482,120.96594599999999,google_maps_result,醫療機構與人員基本資料,https://dep.mohw.gov.tw/doma/fp-4926-54415-106.html,,南投縣埔里鎮西安路一段80號,049-2990289,,,,,,,,,,,,,3538022760,南投縣埔里鎮,"家庭醫學科,"
medical,埔基醫療財團法人埔里基督教醫院,,,,,,,,,23.970487,120.9463085,google_maps_result,醫療機構與人員基本資料,https://dep.mohw.gov.tw/doma/fp-4926-54415-106.html,,南投縣埔里鎮鐵山路一號,049-2912151,,,,,,,,,,,,,1138020015,南投縣埔里鎮,"家庭醫學科,內科,外科,兒科,婦產科,骨科,神經科,泌尿科,耳鼻喉科,眼科,皮膚科,精神科,復健科,麻醉科,放射診斷科,放射腫瘤科,解剖病理科,急診醫學科,整形外科,牙醫一般科,中醫一般科,"
medical,得恩診所,,,,,,,,,23.9711641,120.9671934,google_maps_result,醫療機構與人員基本資料,https://dep.mohw.gov.tw/doma/fp-4926-54415-106.html,,南投縣埔里鎮中正一路１６２號,049-2986178,,,,,,,,,,,,,3538020480,南投縣埔里鎮,"西醫一般科,"
medical,濟生中醫診所,,,,,,,,,23.9656342,120.96656759999999,google_maps_result,醫療機構與人員基本資料,https://dep.mohw.gov.tw/doma/fp-4926-54415-106.html,,南投縣埔里鎮中正路４３５號,049-2900719,,,,,,,,,,,,,3838020128,南投縣埔里鎮,"中醫一般科,"
medical,民生中醫診所,,,,,,,,,23.9601382,120.96269919999999,google_maps_result,醫療機構與人員基本資料,https://dep.mohw.gov.tw/doma/fp-4926-54415-106.html,,南投縣埔里鎮民生路137號1樓,049-2423825,,,,,,,,,,,,,3838021321,南投縣埔里鎮,"中醫一般科,"
medical,悠然中醫診所,,,,,,,,,23.9711379,120.963348,google_maps_result,醫療機構與人員基本資料,https://dep.mohw.gov.tw/doma/fp-4926-54415-106.html,,南投縣埔里鎮八德路378號1樓,0971623708,,,,,,,,,,,,,3838021349,南投縣埔里鎮,"中醫一般科,"
medical,廣菩診所,,,,,,,,,23.968814,120.971583,google_maps_result,醫療機構與人員基本資料,https://dep.mohw.gov.tw/doma/fp-4926-54415-106.html,,南投縣埔里鎮北安里2鄰中山路二段140號1樓,2998077，0978-206323,,,,,,,,,,,,,3538022804,南投縣埔里鎮,"內科,"
medical,十方中醫診所,,,,,,,,,23.973075599999998,120.969504,google_maps_result,醫療機構與人員基本資料,https://dep.mohw.gov.tw/doma/fp-4926-54415-106.html,,南投縣埔里鎮西安路一段333號1樓,049-2996279,,,,,,,,,,,,,3838020119,南投縣埔里鎮,"中醫一般科,"
medical,大眾中醫診所,,,,,,,,,23.965847399999998,120.965226,google_maps_result,醫療機構與人員基本資料,https://dep.mohw.gov.tw/doma/fp-4926-54415-106.html,,南投縣埔里鎮南昌街202號,049-2995333,,,,,,,,,,,,,3838021161,南投縣埔里鎮,"中醫一般科,"
medical,元濟中醫診所,,,,,,,,,23.9713615,120.966867,google_maps_result,醫療機構與人員基本資料,https://dep.mohw.gov.tw/doma/fp-4926-54415-106.html,,南投縣埔里鎮八德路243號1樓,049-2906386,,,,,,,,,,,,,3838021223,南投縣埔里鎮,"中醫一般科,"
medical,普仁中醫診所,,,,,,,,,24.0028221,120.94560399999999,google_maps_result,醫療機構與人員基本資料,https://dep.mohw.gov.tw/doma/fp-4926-54415-106.html,,南投縣埔里鎮東峰路19號,049-2930373,,,,,,,,,,,,,3838021241,南投縣埔里鎮,"中醫一般科,"
medical,李振明診所,,,,,,,,,23.9639571,120.96640099999999,google_maps_result,醫療機構與人員基本資料,https://dep.mohw.gov.tw/doma/fp-4926-54415-106.html,,南投縣埔里鎮中山路二段355號,049-2991151,,,,,,,,,,,,,3538022564,南投縣埔里鎮,"兒科,"
medical,裕生中醫診所,,,,,,,,,23.9641342,120.97096289999999,google_maps_result,醫療機構與人員基本資料,https://dep.mohw.gov.tw/doma/fp-4926-54415-106.html,,南投縣埔里鎮四維路26-1號1樓,049-2423232,,,,,,,,,,,,,3838021278,南投縣埔里鎮,"中醫一般科,"
medical,全民牙醫診所,,,,,,,,,23.9661598,120.9634385,google_maps_result,醫療機構與人員基本資料,https://dep.mohw.gov.tw/doma/fp-4926-54415-106.html,,南投縣埔里鎮中山路三段９２號,049-2994577,,,,,,,,,,,,,3738021338,南投縣埔里鎮,"牙醫一般科,"
medical,呂外科診所,,,,,,,,,23.964613699999997,120.96688959999999,google_maps_result,醫療機構與人員基本資料,https://dep.mohw.gov.tw/doma/fp-4926-54415-106.html,,南投縣埔里鎮中山路二段３３１號,049-2982030,,,,,,,,,,,,,3538020211,南投縣埔里鎮,"家庭醫學科,外科,"
medical,隆昇中醫診所,,,,,,,,,23.9598975,120.9679214,google_maps_result,醫療機構與人員基本資料,https://dep.mohw.gov.tw/doma/fp-4926-54415-106.html,,南投縣埔里鎮隆生路81號,049-2998003,,,,,,,,,,,,,3838021198,南投縣埔里鎮,"中醫一般科,"
medical,金生診所,,,,,,,,,23.965682299999997,120.96613389999999,google_maps_result,醫療機構與人員基本資料,https://dep.mohw.gov.tw/doma/fp-4926-54415-106.html,,南投縣埔里鎮西安路一段88號,049-2423799,,,,,,,,,,,,,3538022485,南投縣埔里鎮,"內科,"
medical,惠承診所,,,,,,,,,23.970940499999998,120.97687169999999,google_maps_result,醫療機構與人員基本資料,https://dep.mohw.gov.tw/doma/fp-4926-54415-106.html,,南投縣埔里鎮和平東路417號1樓,049-2420453,,,,,,,,,,,,,3538022635,南投縣埔里鎮,"西醫一般科,"
medical,維美診所,,,,,,,,,23.9708714,120.95664459999999,google_maps_result,醫療機構與人員基本資料,https://dep.mohw.gov.tw/doma/fp-4926-54415-106.html,,南投縣埔里鎮信義路1041號1樓,,,,,,,,,,,,,,3538022680,南投縣埔里鎮,"西醫一般科,"
medical,陳立強診所,,,,,,,,,23.9655028,120.966736,google_maps_result,醫療機構與人員基本資料,https://dep.mohw.gov.tw/doma/fp-4926-54415-106.html,,南投縣埔里鎮中正路431號,049-2903127,,,,,,,,,,,,,3538020524,南投縣埔里鎮,"家庭醫學科,"
medical,悅心診所,,,,,,,,,23.9700845,120.9729855,google_maps_result,醫療機構與人員基本資料,https://dep.mohw.gov.tw/doma/fp-4926-54415-106.html,,南投縣埔里鎮中華路194號1樓,049-2918891,,,,,,,,,,,,,3538022733,南投縣埔里鎮,"西醫一般科,"
medical,芸通耳鼻喉科診所,,,,,,,,,23.966764899999998,120.9642914,google_maps_result,醫療機構與人員基本資料,https://dep.mohw.gov.tw/doma/fp-4926-54415-106.html,,南投縣埔里鎮南昌街232號,049-2996790,,,,,,,,,,,,,3538022215,南投縣埔里鎮,"耳鼻喉科,"
medical,臺中榮民總醫院埔里分院,,,,,,,,,23.975811999999998,120.99580239999999,google_maps_result,醫療機構與人員基本資料,https://dep.mohw.gov.tw/doma/fp-4926-54415-106.html,,南投縣埔里鎮蜈蚣里榮光路1號,049-2998911,,,,,,,,,,,,,0638020014,南投縣埔里鎮,"家庭醫學科,內科,外科,兒科,婦產科,骨科,神經科,神經外科,泌尿科,耳鼻喉科,眼科,精神科,復健科,麻醉科,放射診斷科,急診醫學科,職業醫學科,牙醫一般科,中醫一般科,"
medical,平安中醫診所,,,,,,,,,23.971557,120.97111299999999,google_maps_result,醫療機構與人員基本資料,https://dep.mohw.gov.tw/doma/fp-4926-54415-106.html,,南投縣埔里鎮八德路12-2號,049-2930200,,,,,,,,,,,,,3838021303,南投縣埔里鎮,"中醫一般科,"
medical,王婦產科診所,,,,,,,,,23.9660069,120.96459499999999,google_maps_result,醫療機構與人員基本資料,https://dep.mohw.gov.tw/doma/fp-4926-54415-106.html,,南投縣埔里鎮西康路64號,049-2983033,,,,,,,,,,,,,3538020293,南投縣埔里鎮,"婦產科,"
medical,陳宏麟診所,,,,,,,,,23.9664708,120.96434339999999,google_maps_result,醫療機構與人員基本資料,https://dep.mohw.gov.tw/doma/fp-4926-54415-106.html,,南投縣埔里鎮南門里南昌街221號1樓,049-2900303,,,,,,,,,,,,,3538022537,南投縣埔里鎮,"家庭醫學科,西醫一般科,"
medical,晨洋診所,,,,,,,,,23.965380999999997,120.97385779999999,google_maps_result,醫療機構與人員基本資料,https://dep.mohw.gov.tw/doma/fp-4926-54415-106.html,,南投縣埔里鎮忠孝路300號1樓,049-2424452,,,,,,,,,,,,,3538022662,南投縣埔里鎮,"家庭醫學科,"
medical,育成診所,,,,,,,,,23.9658174,120.9653175,google_maps_result,醫療機構與人員基本資料,https://dep.mohw.gov.tw/doma/fp-4926-54415-106.html,,南投縣埔里鎮南昌街196號1樓,049-2996988,,,,,,,,,,,,,3538022788,南投縣埔里鎮,"外科,"
medical,黎俊奇診所,,,,,,,,,23.9667913,120.96584829999999,google_maps_result,醫療機構與人員基本資料,https://dep.mohw.gov.tw/doma/fp-4926-54415-106.html,,南投縣埔里鎮中正路464號,049-2990941,,,,,,,,,,,,,3538022242,南投縣埔里鎮,"西醫一般科,"
medical,新仁愛診所,,,,,,,,,23.9655022,120.9667353,google_maps_result,醫療機構與人員基本資料,https://dep.mohw.gov.tw/doma/fp-4926-54415-106.html,,南投縣埔里鎮中正路427號,049-2911960,,,,,,,,,,,,,3538022251,南投縣埔里鎮,"家庭醫學科,"
medical,安杏診所,,,,,,,,,23.966343,120.96324399999999,google_maps_result,醫療機構與人員基本資料,https://dep.mohw.gov.tw/doma/fp-4926-54415-106.html,,南投縣埔里鎮中山路三段100號,049-2980445,,,,,,,,,,,,,3538022260,南投縣埔里鎮,"家庭醫學科,"
medical,東海牙醫診所,,,,,,,,,23.973439,120.968143,google_maps_result,醫療機構與人員基本資料,https://dep.mohw.gov.tw/doma/fp-4926-54415-106.html,,南投縣埔里鎮信義路３５６號,049-2906196,,,,,,,,,,,,,3738020180,南投縣埔里鎮,"牙醫一般科,"
medical,永昇牙醫診所,,,,,,,,,23.9648705,120.9668286,google_maps_result,醫療機構與人員基本資料,https://dep.mohw.gov.tw/doma/fp-4926-54415-106.html,,南投縣埔里鎮中山路二段３３６號,049-2955111,,,,,,,,,,,,,3738020064,南投縣埔里鎮,"牙醫一般科,"
medical,醫療財團法人台灣血液基金會台中捐血中心埔里捐血站,,,,,,,,,23.970554099999998,120.967765,google_maps_result,醫療機構與人員基本資料,https://dep.mohw.gov.tw/doma/fp-4926-54415-106.html,,南投縣埔里鎮北環路222號,049981019,,,,,,,,,,,,,4238020010,南投縣埔里鎮,"西醫一般科,"
medical,慶生婦產科診所,,,,,,,,,23.966482799999998,120.9659904,google_maps_result,醫療機構與人員基本資料,https://dep.mohw.gov.tw/doma/fp-4926-54415-106.html,,南投縣埔里鎮中正路452號,049-2985855,,,,,,,,,,,,,3538020435,南投縣埔里鎮,"婦產科,"
medical,惠安診所,,,,,,,,,23.9651925,120.9656388,google_maps_result,醫療機構與人員基本資料,https://dep.mohw.gov.tw/doma/fp-4926-54415-106.html,,南投縣埔里鎮西安路一段70號1.2F,049-2902467,,,,,,,,,,,,,3538022653,南投縣埔里鎮,"西醫一般科,"
medical,普仁牙醫診所,,,,,,,,,24.0028221,120.94560399999999,google_maps_result,醫療機構與人員基本資料,https://dep.mohw.gov.tw/doma/fp-4926-54415-106.html,,南投縣埔里鎮東峰路19號,049-2930373,,,,,,,,,,,,,3738021383,南投縣埔里鎮,"牙醫一般科,"
medical,祐安小兒科診所,,,,,,,,,23.964686,120.9677279,google_maps_result,醫療機構與人員基本資料,https://dep.mohw.gov.tw/doma/fp-4926-54415-106.html,,南投縣埔里鎮中正路395號1F,049-2997752,,,,,,,,,,,,,3538020613,南投縣埔里鎮,"兒科,"
medical,福康中醫診所,,,,,,,,,23.970340999999998,120.9751179,google_maps_result,醫療機構與人員基本資料,https://dep.mohw.gov.tw/doma/fp-4926-54415-106.html,,南投縣埔里鎮中山路二段79號,049-2997879,,,,,,,,,,,,,3838020146,南投縣埔里鎮,"中醫一般科,"
medical,聖惠牙醫診所,,,,,,,,,23.9633403,120.9647114,google_maps_result,醫療機構與人員基本資料,https://dep.mohw.gov.tw/doma/fp-4926-54415-106.html,,南投縣埔里鎮南興街243號,049-2997376,,,,,,,,,,,,,3738020206,南投縣埔里鎮,"牙醫一般科,"
medical,懷恩牙醫診所,,,,,,,,,23.9655398,120.96979139999999,google_maps_result,醫療機構與人員基本資料,https://dep.mohw.gov.tw/doma/fp-4926-54415-106.html,,南投縣埔里鎮東門里東榮路202號,049-2983347,,,,,,,,,,,,,3738020224,南投縣埔里鎮,"牙醫一般科,"
medical,成安牙醫診所,,,,,,,,,23.965143599999998,120.97581819999999,google_maps_result,醫療機構與人員基本資料,https://dep.mohw.gov.tw/doma/fp-4926-54415-106.html,,南投縣埔里鎮忠孝路３5 3號,049-2999802,,,,,,,,,,,,,3738020233,南投縣埔里鎮,"牙醫一般科,"
medical,東華牙醫診所,,,,,,,,,23.9630248,120.9686,google_maps_result,醫療機構與人員基本資料,https://dep.mohw.gov.tw/doma/fp-4926-54415-106.html,,南投縣埔里鎮東華路７７號,049-2980994,,,,,,,,,,,,,3738020260,南投縣埔里鎮,"牙醫一般科,"
medical,中心牙醫診所,,,,,,,,,23.969065699999998,120.97282109999999,google_maps_result,醫療機構與人員基本資料,https://dep.mohw.gov.tw/doma/fp-4926-54415-106.html,,南投縣埔里鎮中山路二段１３３之１號１Ｆ,049-2420555,,,,,,,,,,,,,3738020279,南投縣埔里鎮,"牙醫一般科,"
medical,人安內科診所,,,,,,,,,23.9648276,120.9678491,google_maps_result,醫療機構與人員基本資料,https://dep.mohw.gov.tw/doma/fp-4926-54415-106.html,,南投縣埔里鎮中正路402號,049-2992070,,,,,,,,,,,,,3538020588,南投縣埔里鎮,"內科,"
medical,聖光小兒科診所,,,,,,,,,23.9650493,120.96618369999999,google_maps_result,醫療機構與人員基本資料,https://dep.mohw.gov.tw/doma/fp-4926-54415-106.html,,南投縣埔里鎮南昌街160號,049-2988099,,,,,,,,,,,,,3538020604,南投縣埔里鎮,"兒科,"
medical,昱安復健科診所,,,,,,,,,23.9653165,120.9641338,google_maps_result,醫療機構與人員基本資料,https://dep.mohw.gov.tw/doma/fp-4926-54415-106.html,,南投縣埔里鎮中山路三段39號,049-2422477,,,,,,,,,,,,,3538021674,南投縣埔里鎮,"復健科,"
medical,長榮診所,,,,,,,,,23.965111,120.9752,google_maps_result,醫療機構與人員基本資料,https://dep.mohw.gov.tw/doma/fp-4926-54415-106.html,,南投縣埔里鎮忠孝路329號,049-2994830,,,,,,,,,,,,,3538022171,南投縣埔里鎮,"兒科,"
medical,莊眼科診所,,,,,,,,,23.9642353,120.96638569999999,google_maps_result,醫療機構與人員基本資料,https://dep.mohw.gov.tw/doma/fp-4926-54415-106.html,,南投縣埔里鎮中山路二段349號,049-2420623,,,,,,,,,,,,,3538022199,南投縣埔里鎮,"眼科,"
medical,劉春輝診所,,,,,,,,,23.965708799999998,120.9653833,google_maps_result,醫療機構與人員基本資料,https://dep.mohw.gov.tw/doma/fp-4926-54415-106.html,,南投縣埔里鎮南昌街190號,049-2999197,,,,,,,,,,,,,3538022233,南投縣埔里鎮,"西醫一般科,"
medical,李眼科診所,,,,,,,,,23.968256099999998,120.97073239999999,google_maps_result,醫療機構與人員基本資料,https://dep.mohw.gov.tw/doma/fp-4926-54415-106.html,,南投縣埔里鎮中山路2段182號1樓,0492420606,,,,,,,,,,,,,3538022322,南投縣埔里鎮,"眼科,"
medical,安麗小兒科內科診所,,,,,,,,,23.966535999999998,120.9686388,google_maps_result,醫療機構與人員基本資料,https://dep.mohw.gov.tw/doma/fp-4926-54415-106.html,,南投縣埔里鎮中山路二段262號,049-2991030,,,,,,,,,,,,,3538022331,南投縣埔里鎮,"內科,兒科,"
medical,台大建村皮膚科診所,,,,,,,,,23.9715238,120.9720387,google_maps_result,醫療機構與人員基本資料,https://dep.mohw.gov.tw/doma/fp-4926-54415-106.html,,南投縣埔里鎮中華路250號1F,049-2906112,,,,,,,,,,,,,3538022359,南投縣埔里鎮,"皮膚科,"
medical,張大川耳鼻喉科診所(張大川聯合診所),,,,,,,,,23.966062599999997,120.96329809999999,google_maps_result,醫療機構與人員基本資料,https://dep.mohw.gov.tw/doma/fp-4926-54415-106.html,,南投縣埔里鎮中山路三段87號1樓,049-2998980,,,,,,,,,,,,,3538022395,南投縣埔里鎮,"耳鼻喉科,"
medical,幸生診所,,,,,,,,,23.9663456,120.9687391,google_maps_result,醫療機構與人員基本資料,https://dep.mohw.gov.tw/doma/fp-4926-54415-106.html,,南投縣埔里鎮中山路二段247之1號,049-2906668,,,,,,,,,,,,,3538022411,南投縣埔里鎮,"家庭醫學科,"
medical,慈惠診所,,,,,,,,,23.9685272,120.9659099,google_maps_result,醫療機構與人員基本資料,https://dep.mohw.gov.tw/doma/fp-4926-54415-106.html,,南投縣埔里鎮西安路一段126號,049-2996996,,,,,,,,,,,,,3538022466,南投縣埔里鎮,"西醫一般科,"
medical,日光診所,,,,,,,,,23.9609433,120.96866589999999,google_maps_result,醫療機構與人員基本資料,https://dep.mohw.gov.tw/doma/fp-4926-54415-106.html,,南投縣埔里鎮忠孝路31號1樓,049-2992536,,,,,,,,,,,,,3538022742,南投縣埔里鎮,"西醫一般科,"
medical,智全中醫診所,,,,,,,,,23.9642537,120.96368059999999,google_maps_result,醫療機構與人員基本資料,https://dep.mohw.gov.tw/doma/fp-4926-54415-106.html,,南投縣埔里鎮南興街297號,2424245,,,,,,,,,,,,,3838021232,南投縣埔里鎮,"中醫一般科,"
medical,錫安診所,,,,,,,,,23.967754,120.96751929999999,google_maps_result,醫療機構與人員基本資料,https://dep.mohw.gov.tw/doma/fp-4926-54415-106.html,,南投縣埔里鎮北辰街119號1樓,049-2999907,,,,,,,,,,,,,3538022340,南投縣埔里鎮,"復健科,"
medical,郭佳隴診所,,,,,,,,,23.9714308,120.96344099999999,google_maps_result,醫療機構與人員基本資料,https://dep.mohw.gov.tw/doma/fp-4926-54415-106.html,,南投縣埔里鎮中正路563號1樓,049-2989448,,,,,,,,,,,,,3538022779,南投縣埔里鎮,"泌尿科,"
medical,新興小兒科診所,,,,,,,,,23.969082999999998,120.9726195,google_maps_result,醫療機構與人員基本資料,https://dep.mohw.gov.tw/doma/fp-4926-54415-106.html,,南投縣埔里鎮中山路二段135-1號1樓,0930942928,,,,,,,,,,,,,3538022797,南投縣埔里鎮,"兒科,"
medical,施治寰中醫診所,,,,,,,,,23.9655328,120.9653273,google_maps_result,醫療機構與人員基本資料,https://dep.mohw.gov.tw/doma/fp-4926-54415-106.html,,南投縣埔里鎮南昌街１８３號,049-2906847,,,,,,,,,,,,,3838020100,南投縣埔里鎮,"中醫一般科,"
medical,冠雲中醫診所,,,,,,,,,23.964289899999997,120.96663079999999,google_maps_result,醫療機構與人員基本資料,https://dep.mohw.gov.tw/doma/fp-4926-54415-106.html,,南投縣埔里鎮中山路二段３５１號,049-2987150,,,,,,,,,,,,,3838020075,南投縣埔里鎮,"中醫一般科,"
medical,麗緻牙醫診所,,,,,,,,,23.9659683,120.9667291,google_maps_result,醫療機構與人員基本資料,https://dep.mohw.gov.tw/doma/fp-4926-54415-106.html,,南投縣埔里鎮西門里中正路432-2號1、2樓,049-2900606,,,,,,,,,,,,,3738021409,南投縣埔里鎮,"牙醫一般科,"
medical,埔渼牙醫診所,,,,,,,,,23.9666903,120.9740466,google_maps_result,醫療機構與人員基本資料,https://dep.mohw.gov.tw/doma/fp-4926-54415-106.html,,南投縣埔里鎮中華路77號,049-2998600,,,,,,,,,,,,,3738021394,南投縣埔里鎮,"牙醫一般科,"
medical,名家牙醫診所,,,,,,,,,23.9631989,120.967191,google_maps_result,醫療機構與人員基本資料,https://dep.mohw.gov.tw/doma/fp-4926-54415-106.html,,南投縣埔里鎮東榮路82號,049-2901585,,,,,,,,,,,,,3738020073,南投縣埔里鎮,"牙醫一般科,"
medical,仁仲牙醫診所,,,,,,,,,23.9631658,120.96902469999999,google_maps_result,醫療機構與人員基本資料,https://dep.mohw.gov.tw/doma/fp-4926-54415-106.html,,南投縣埔里鎮東華路９4號,049-2988671,,,,,,,,,,,,,3738020171,南投縣埔里鎮,"牙醫一般科,"
medical,大權牙醫診所,,,,,,,,,23.984658,120.6812921,google_maps_result,醫療機構與人員基本資料,https://dep.mohw.gov.tw/doma/fp-4926-54415-106.html,,南投縣草屯鎮明正 里忠孝街408號,049-2327989,,,,,,,,,,,,,3738030113,南投縣草屯鎮,"牙醫一般科,"
medical,衛生福利部草屯療養院,,,,,,,,,23.989882299999998,120.7045641,google_maps_result,醫療機構與人員基本資料,https://dep.mohw.gov.tw/doma/fp-4926-54415-106.html,,南投縣草屯鎮玉屏路１６１號,049-2550800,,,,,,,,,,,,,0138030010,南投縣草屯鎮,"內科,精神科,"
medical,豐本中醫診所,,,,,,,,,23.9779739,120.6873581,google_maps_result,醫療機構與人員基本資料,https://dep.mohw.gov.tw/doma/fp-4926-54415-106.html,,南投縣草屯鎮碧山路18號1樓,049-2338895,,,,,,,,,,,,,3838031498,南投縣草屯鎮,"中醫一般科,"
medical,文華牙醫診所,,,,,,,,,23.9776542,120.6817411,google_maps_result,醫療機構與人員基本資料,https://dep.mohw.gov.tw/doma/fp-4926-54415-106.html,,南投縣草屯鎮中山里草溪路1049號,049-2320999,,,,,,,,,,,,,3738031478,南投縣草屯鎮,"牙醫一般科,"
medical,弘泰安牙醫診所,,,,,,,,,23.998925999999997,120.6902339,google_maps_result,醫療機構與人員基本資料,https://dep.mohw.gov.tw/doma/fp-4926-54415-106.html,,南投縣草屯鎮中正路１５１６號,049-2560570,,,,,,,,,,,,,3738030195,南投縣草屯鎮,"牙醫一般科,"
medical,惠家診所,,,,,,,,,23.984673299999997,120.68551289999999,google_maps_result,醫療機構與人員基本資料,https://dep.mohw.gov.tw/doma/fp-4926-54415-106.html,,南投縣草屯鎮平等街169號,049-2321188,,,,,,,,,,,,,3538033227,南投縣草屯鎮,"內科,"
medical,元真中醫診所,,,,,,,,,23.9810597,120.68537239999999,google_maps_result,醫療機構與人員基本資料,https://dep.mohw.gov.tw/doma/fp-4926-54415-106.html,,南投縣草屯鎮東美街105號1樓,049-2381153,,,,,,,,,,,,,3838031685,南投縣草屯鎮,"中醫一般科,"
medical,草屯長庚中醫診所,,,,,,,,,23.982606999999998,120.68400109999999,google_maps_result,醫療機構與人員基本資料,https://dep.mohw.gov.tw/doma/fp-4926-54415-106.html,,南投縣草屯鎮芬草路一段30、32號1樓,049-2380666,,,,,,,,,,,,,3838031667,南投縣草屯鎮,"中醫一般科,"
medical,安心復健科診所,,,,,,,,,23.9740194,120.6840713,google_maps_result,醫療機構與人員基本資料,https://dep.mohw.gov.tw/doma/fp-4926-54415-106.html,,南投縣草屯鎮中興路138號1~2樓,049-2333874,,,,,,,,,,,,,3538033218,南投縣草屯鎮,"復健科,"
medical,加州美學診所,,,,,,,,,23.9699994,120.6868298,google_maps_result,醫療機構與人員基本資料,https://dep.mohw.gov.tw/doma/fp-4926-54415-106.html,,南投縣草屯鎮虎山路535號1樓,0928-467696,,,,,,,,,,,,,3538033236,南投縣草屯鎮,"西醫一般科,"
medical,佳仁堂中醫診所,,,,,,,,,23.9797388,120.68422899999999,google_maps_result,醫療機構與人員基本資料,https://dep.mohw.gov.tw/doma/fp-4926-54415-106.html,,南投縣草屯鎮中正路685、687號1F,049-2320938,,,,,,,,,,,,,3838030277,南投縣草屯鎮,"中醫一般科,"
medical,尚德診所,,,,,,,,,23.9846124,120.68496359999999,google_maps_result,醫療機構與人員基本資料,https://dep.mohw.gov.tw/doma/fp-4926-54415-106.html,,南投縣草屯鎮自由街134巷24號1F,,,,,,,,,,,,,,3538032926,南投縣草屯鎮,"西醫一般科,"
medical,簡仲謀牙醫診所,,,,,,,,,23.969428999999998,120.6871446,google_maps_result,醫療機構與人員基本資料,https://dep.mohw.gov.tw/doma/fp-4926-54415-106.html,,南投縣草屯鎮虎山路５２２號,049-2335156,,,,,,,,,,,,,3738030211,南投縣草屯鎮,"牙醫一般科,"
medical,蔡文雄診所,,,,,,,,,23.9784185,120.6974853,google_maps_result,醫療機構與人員基本資料,https://dep.mohw.gov.tw/doma/fp-4926-54415-106.html,,南投縣草屯鎮富昌路２－１號,049-2569085,,,,,,,,,,,,,3538030968,南投縣草屯鎮,"家庭醫學科,"
medical,品康耳鼻喉科診所,,,,,,,,,23.9768646,120.6835591,google_maps_result,醫療機構與人員基本資料,https://dep.mohw.gov.tw/doma/fp-4926-54415-106.html,,南投縣草屯鎮和平里育英街200號,049-2333100,,,,,,,,,,,,,3538033094,南投縣草屯鎮,"耳鼻喉科,西醫一般科,"
medical,佳佳診所,,,,,,,,,23.975863999999998,120.683252,google_maps_result,醫療機構與人員基本資料,https://dep.mohw.gov.tw/doma/fp-4926-54415-106.html,,南投縣草屯鎮平和里明賢街66號,049-2313315,,,,,,,,,,,,,3538033003,南投縣草屯鎮,"西醫一般科,"
medical,育英診所,,,,,,,,,23.976213899999998,120.68466509999999,google_maps_result,醫療機構與人員基本資料,https://dep.mohw.gov.tw/doma/fp-4926-54415-106.html,,南投縣草屯鎮和興三街２４號,049-2367696,,,,,,,,,,,,,3538030520,南投縣草屯鎮,"西醫一般科,"
medical,保和牙醫診所,,,,,,,,,23.9604976,120.68548039999999,google_maps_result,醫療機構與人員基本資料,https://dep.mohw.gov.tw/doma/fp-4926-54415-106.html,,南投縣草屯鎮虎山路122號,049-2365841,,,,,,,,,,,,,3738030131,南投縣草屯鎮,"牙醫一般科,"
medical,鴻濟中醫診所,,,,,,,,,23.978251999999998,120.67835799999999,google_maps_result,醫療機構與人員基本資料,https://dep.mohw.gov.tw/doma/fp-4926-54415-106.html,,南投縣草屯鎮碧山南路112-1號,,,,,,,,,,,,,,3838031434,南投縣草屯鎮,"中醫一般科,"
medical,張國治耳鼻喉科診所,,,,,,,,,23.9798419,120.68307689999999,google_maps_result,醫療機構與人員基本資料,https://dep.mohw.gov.tw/doma/fp-4926-54415-106.html,,南投縣草屯鎮中山街２７５號,049-362665,,,,,,,,,,,,,3538030422,南投縣草屯鎮,"耳鼻喉科,"
medical,王診所,,,,,,,,,23.9747249,120.68345699999999,google_maps_result,醫療機構與人員基本資料,https://dep.mohw.gov.tw/doma/fp-4926-54415-106.html,,南投縣草屯鎮太平路二段231號,049-2326706,,,,,,,,,,,,,3538033165,南投縣草屯鎮,"家庭醫學科,"
medical,宏駿牙醫診所,,,,,,,,,23.983881399999998,120.68241069999999,google_maps_result,醫療機構與人員基本資料,https://dep.mohw.gov.tw/doma/fp-4926-54415-106.html,,南投縣草屯鎮芬草路一段129號,049-2318666,,,,,,,,,,,,,3738031405,南投縣草屯鎮,"牙醫一般科,"
medical,聖明中醫診所,,,,,,,,,23.978187,120.68087999999999,google_maps_result,醫療機構與人員基本資料,https://dep.mohw.gov.tw/doma/fp-4926-54415-106.html,,南投縣草屯鎮碧山南路30號,049-2302979,,,,,,,,,,,,,3838031354,南投縣草屯鎮,"中醫一般科,"
medical,蒼生中醫診所,,,,,,,,,23.9850815,120.6778681,google_maps_result,醫療機構與人員基本資料,https://dep.mohw.gov.tw/doma/fp-4926-54415-106.html,,南投縣草屯鎮草溪路９５９號,049-2334747,,,,,,,,,,,,,3838030071,南投縣草屯鎮,"中醫一般科,"
medical,陳宏源診所,,,,,,,,,23.9664656,120.68214669999999,google_maps_result,醫療機構與人員基本資料,https://dep.mohw.gov.tw/doma/fp-4926-54415-106.html,,南投縣草屯鎮太平路一段445號,049-2331718,,,,,,,,,,,,,3538032855,南投縣草屯鎮,"外科,骨科,"
medical,信安牙醫診所,,,,,,,,,23.9799015,120.68308999999999,google_maps_result,醫療機構與人員基本資料,https://dep.mohw.gov.tw/doma/fp-4926-54415-106.html,,南投縣草屯鎮中山街281號,049-2333609,,,,,,,,,,,,,3738031469,南投縣草屯鎮,"牙醫一般科,"
medical,草屯陳診所,,,,,,,,,23.976018399999997,120.68396129999999,google_maps_result,醫療機構與人員基本資料,https://dep.mohw.gov.tw/doma/fp-4926-54415-106.html,,南投縣草屯鎮太平路二段２２８號1-2樓,049-2380295,,,,,,,,,,,,,3538031107,南投縣草屯鎮,"內科,"
medical,仁民診所,,,,,,,,,23.960853699999998,120.685437,google_maps_result,醫療機構與人員基本資料,https://dep.mohw.gov.tw/doma/fp-4926-54415-106.html,,南投縣草屯鎮虎山路１２６號,049-2370526,,,,,,,,,,,,,3538030860,南投縣草屯鎮,"西醫一般科,"
medical,林俊杰小兒科診所,,,,,,,,,23.978254399999997,120.6827943,google_maps_result,醫療機構與人員基本資料,https://dep.mohw.gov.tw/doma/fp-4926-54415-106.html,,南投縣草屯鎮中山街195號,049-2306678,,,,,,,,,,,,,3538030922,南投縣草屯鎮,"兒科,"
medical,匡美牙醫診所,,,,,,,,,23.9789796,120.69866739999999,google_maps_result,醫療機構與人員基本資料,https://dep.mohw.gov.tw/doma/fp-4926-54415-106.html,,南投縣草屯鎮中正路567之3號,049-2569847,,,,,,,,,,,,,3738031432,南投縣草屯鎮,"牙醫一般科,"
medical,仁德牙醫診所,,,,,,,,,23.978026,120.67492639999999,google_maps_result,醫療機構與人員基本資料,https://dep.mohw.gov.tw/doma/fp-4926-54415-106.html,,南投縣草屯鎮碧山路634號,049-2381000,,,,,,,,,,,,,3738031450,南投縣草屯鎮,"牙醫一般科,"
medical,洪日宏中醫診所,,,,,,,,,23.967731999999998,120.682441,google_maps_result,醫療機構與人員基本資料,https://dep.mohw.gov.tw/doma/fp-4926-54415-106.html,,南投縣草屯鎮太平路一段503號,049-2339387,,,,,,,,,,,,,3838031372,南投縣草屯鎮,"中醫一般科,"
medical,王崇儒中醫診所,,,,,,,,,23.9758162,120.68882169999999,google_maps_result,醫療機構與人員基本資料,https://dep.mohw.gov.tw/doma/fp-4926-54415-106.html,,南投縣草屯鎮中興路379號,049-2328937,,,,,,,,,,,,,3838031416,南投縣草屯鎮,"中醫一般科,"
medical,宏昌中醫診所,,,,,,,,,23.9761629,120.6857697,google_maps_result,醫療機構與人員基本資料,https://dep.mohw.gov.tw/doma/fp-4926-54415-106.html,,南投縣草屯鎮虎山路827號,049-2380168,,,,,,,,,,,,,3838031452,南投縣草屯鎮,"中醫一般科,"
medical,永安中醫診所,,,,,,,,,23.9755313,120.68691989999999,google_maps_result,醫療機構與人員基本資料,https://dep.mohw.gov.tw/doma/fp-4926-54415-106.html,,南投縣草屯鎮明賢街一段28號,,,,,,,,,,,,,,3838031461,南投縣草屯鎮,"中醫一般科,"
medical,洪明本婦產科診所,,,,,,,,,23.978264,120.68571499999999,google_maps_result,醫療機構與人員基本資料,https://dep.mohw.gov.tw/doma/fp-4926-54415-106.html,,南投縣草屯鎮虎山路897號,049-2334277,,,,,,,,,,,,,3538030244,南投縣草屯鎮,"婦產科,"
medical,寶仁復健科診所,,,,,,,,,23.9765306,120.6812994,google_maps_result,醫療機構與人員基本資料,https://dep.mohw.gov.tw/doma/fp-4926-54415-106.html,,南投縣草屯鎮草溪路993號1至2樓,049-2304666,,,,,,,,,,,,,3538030904,南投縣草屯鎮,"復健科,"
medical,林牙醫診所,,,,,,,,,23.9609041,120.6854072,google_maps_result,醫療機構與人員基本資料,https://dep.mohw.gov.tw/doma/fp-4926-54415-106.html,,南投縣草屯鎮虎山路１３４號,049-2317523,,,,,,,,,,,,,3738030275,南投縣草屯鎮,"牙醫一般科,"
medical,沐熙牙醫診所,,,,,,,,,23.9852156,120.68096299999999,google_maps_result,醫療機構與人員基本資料,https://dep.mohw.gov.tw/doma/fp-4926-54415-106.html,,南投縣草屯鎮芬草路一段177號1樓、2樓,049-2365815,,,,,,,,,,,,,3738031530,南投縣草屯鎮,"牙醫一般科,"
medical,益泉牙醫診所,,,,,,,,,23.9761892,120.68466249999999,google_maps_result,醫療機構與人員基本資料,https://dep.mohw.gov.tw/doma/fp-4926-54415-106.html,,南投縣草屯鎮和興三街20號1樓,049-2301796,,,,,,,,,,,,,3738031487,南投縣草屯鎮,"牙醫一般科,"
medical,惠和醫院,,,,,,,,,23.9847733,120.6859284,google_maps_result,醫療機構與人員基本資料,https://dep.mohw.gov.tw/doma/fp-4926-54415-106.html,,南投縣草屯鎮平等街140號,049-2321188,,,,,,,,,,,,,1538031114,南投縣草屯鎮,"家庭醫學科,內科,外科,復健科,中醫一般科,"
medical,向陽中醫診所,,,,,,,,,23.9736795,120.7043853,google_maps_result,醫療機構與人員基本資料,https://dep.mohw.gov.tw/doma/fp-4926-54415-106.html,,南投縣草屯鎮富中路198號1樓,2566128,,,,,,,,,,,,,3838031658,南投縣草屯鎮,"中醫一般科,"
medical,開明堂中醫診所,,,,,,,,,23.967349799999997,120.6826603,google_maps_result,醫療機構與人員基本資料,https://dep.mohw.gov.tw/doma/fp-4926-54415-106.html,,南投縣草屯鎮太平路一段460號1.2樓,0492393299,,,,,,,,,,,,,3838031470,南投縣草屯鎮,"中醫一般科,"
medical,勝美牙醫診所,,,,,,,,,23.979792999999997,120.68588,google_maps_result,醫療機構與人員基本資料,https://dep.mohw.gov.tw/doma/fp-4926-54415-106.html,,南投縣草屯鎮青雲街３２號,049-2330231,,,,,,,,,,,,,3738030051,南投縣草屯鎮,"牙醫一般科,"
medical,育全牙醫診所,,,,,,,,,23.977696899999998,120.6827199,google_maps_result,醫療機構與人員基本資料,https://dep.mohw.gov.tw/doma/fp-4926-54415-106.html,,南投縣草屯鎮中山街１７７號,049-2314369,,,,,,,,,,,,,3738030088,南投縣草屯鎮,"牙醫一般科,"
medical,森洲牙醫診所,,,,,,,,,23.9798242,120.68533049999999,google_maps_result,醫療機構與人員基本資料,https://dep.mohw.gov.tw/doma/fp-4926-54415-106.html,,南投縣草屯鎮建國街２９號,049-2313090,,,,,,,,,,,,,3738030097,南投縣草屯鎮,"牙醫一般科,"
medical,林政德牙醫診所,,,,,,,,,23.976231,120.685983,google_maps_result,醫療機構與人員基本資料,https://dep.mohw.gov.tw/doma/fp-4926-54415-106.html,,南投縣草屯鎮虎山路７９０號,049-2355178,,,,,,,,,,,,,3738030122,南投縣草屯鎮,"牙醫一般科,"
medical,白牙醫診所,,,,,,,,,23.9740579,120.68361589999999,google_maps_result,醫療機構與人員基本資料,https://dep.mohw.gov.tw/doma/fp-4926-54415-106.html,,南投縣草屯鎮太平路二段２００號,049-2336730,,,,,,,,,,,,,3738030159,南投縣草屯鎮,"牙醫一般科,"
medical,泰誠牙醫診所,,,,,,,,,23.97891,120.685299,google_maps_result,醫療機構與人員基本資料,https://dep.mohw.gov.tw/doma/fp-4926-54415-106.html,,南投縣草屯鎮中正路６27號,049-2356921,,,,,,,,,,,,,3738030168,南投縣草屯鎮,"牙醫一般科,"
medical,安麗牙醫診所,,,,,,,,,23.9692138,120.68351279999999,google_maps_result,醫療機構與人員基本資料,https://dep.mohw.gov.tw/doma/fp-4926-54415-106.html,,南投縣草屯鎮山腳里新富路159號,049-2319519,,,,,,,,,,,,,3738030202,南投縣草屯鎮,"牙醫一般科,"
medical,上揚牙醫診所,,,,,,,,,23.978219,120.68002299999999,google_maps_result,醫療機構與人員基本資料,https://dep.mohw.gov.tw/doma/fp-4926-54415-106.html,,南投縣草屯鎮碧山南路42號,049-2355697,,,,,,,,,,,,,3738030266,南投縣草屯鎮,"牙醫一般科,"
medical,江舜生牙醫診所,,,,,,,,,23.9810597,120.68537239999999,google_maps_result,醫療機構與人員基本資料,https://dep.mohw.gov.tw/doma/fp-4926-54415-106.html,,南投縣草屯鎮東美街105號3樓,049-2380380,,,,,,,,,,,,,3738030346,南投縣草屯鎮,"牙醫一般科,"
medical,聖恩牙醫診所,,,,,,,,,23.9791259,120.6848845,google_maps_result,醫療機構與人員基本資料,https://dep.mohw.gov.tw/doma/fp-4926-54415-106.html,,南投縣草屯鎮中正路638號,049-2333131,,,,,,,,,,,,,3738031361,南投縣草屯鎮,"牙醫一般科,"
medical,巧傑牙醫診所,,,,,,,,,23.976123899999997,120.6857703,google_maps_result,醫療機構與人員基本資料,https://dep.mohw.gov.tw/doma/fp-4926-54415-106.html,,南投縣草屯鎮虎山路825號,049-2354066,,,,,,,,,,,,,3738031389,南投縣草屯鎮,"牙醫一般科,"
medical,展維牙醫診所,,,,,,,,,23.981154999999998,120.68441,google_maps_result,醫療機構與人員基本資料,https://dep.mohw.gov.tw/doma/fp-4926-54415-106.html,,南投縣草屯鎮中正路747號,049-2302233,,,,,,,,,,,,,3738031398,南投縣草屯鎮,"牙醫一般科,"
medical,吳英滄診所,,,,,,,,,23.9715618,120.6830402,google_maps_result,醫療機構與人員基本資料,https://dep.mohw.gov.tw/doma/fp-4926-54415-106.html,,南投縣草屯鎮太平路二段93、95號1樓,049-2326989,,,,,,,,,,,,,3538032935,南投縣草屯鎮,"內科,"
medical,群和診所,,,,,,,,,24.003379799999998,120.67909999999999,google_maps_result,醫療機構與人員基本資料,https://dep.mohw.gov.tw/doma/fp-4926-54415-106.html,,南投縣草屯鎮新豐路728巷36號1F,049-2353197,,,,,,,,,,,,,3538032971,南投縣草屯鎮,"復健科,"
medical,洪瑞成小兒科診所,,,,,,,,,23.9750671,120.6826093,google_maps_result,醫療機構與人員基本資料,https://dep.mohw.gov.tw/doma/fp-4926-54415-106.html,,南投縣草屯鎮中山街36號及38號1F,049-2323151,,,,,,,,,,,,,3538033012,南投縣草屯鎮,"兒科,"
medical,英全診所,,,,,,,,,23.979882999999997,120.6864909,google_maps_result,醫療機構與人員基本資料,https://dep.mohw.gov.tw/doma/fp-4926-54415-106.html,,南投縣草屯鎮炎峰街14-2號,,,,,,,,,,,,,,3538032159,南投縣草屯鎮,"西醫一般科,"
medical,草鞋墩神經外科診所,,,,,,,,,23.9701377,120.6831031,google_maps_result,醫療機構與人員基本資料,https://dep.mohw.gov.tw/doma/fp-4926-54415-106.html,,南投縣草屯鎮太平路二段28號1.2樓,049-2306989,,,,,,,,,,,,,3538032748,南投縣草屯鎮,"神經外科,"
medical,聖方小兒科診所,,,,,,,,,23.9779767,120.68110999999999,google_maps_result,醫療機構與人員基本資料,https://dep.mohw.gov.tw/doma/fp-4926-54415-106.html,,南投縣草屯鎮碧山南路21號1樓,049-2307728,,,,,,,,,,,,,3538032793,南投縣草屯鎮,"兒科,"
medical,姚美輝骨科外科診所,,,,,,,,,23.973708,120.6832834,google_maps_result,醫療機構與人員基本資料,https://dep.mohw.gov.tw/doma/fp-4926-54415-106.html,,南投縣草屯鎮太平路二段207號,049-2307369,,,,,,,,,,,,,3538032800,南投縣草屯鎮,"外科,骨科,"
medical,小太陽小兒科診所,,,,,,,,,23.9761432,120.6859896,google_maps_result,醫療機構與人員基本資料,https://dep.mohw.gov.tw/doma/fp-4926-54415-106.html,,南投縣草屯鎮虎山路786號,,,,,,,,,,,,,,3538032837,南投縣草屯鎮,"兒科,"
medical,簡國仁診所,,,,,,,,,23.977799599999997,120.6829533,google_maps_result,醫療機構與人員基本資料,https://dep.mohw.gov.tw/doma/fp-4926-54415-106.html,,南投縣草屯鎮中山街184號,049-2333464,,,,,,,,,,,,,3538030771,南投縣草屯鎮,"家庭醫學科,"
medical,現代眼科診所,,,,,,,,,23.979087999999997,120.686585,google_maps_result,醫療機構與人員基本資料,https://dep.mohw.gov.tw/doma/fp-4926-54415-106.html,,南投縣草屯鎮中正路602之1號,049-2327707,,,,,,,,,,,,,3538030815,南投縣草屯鎮,"眼科,"
medical,滄浪診所,,,,,,,,,23.9791709,120.68321689999999,google_maps_result,醫療機構與人員基本資料,https://dep.mohw.gov.tw/doma/fp-4926-54415-106.html,,南投縣草屯鎮中山街２４２號,049-2333420,,,,,,,,,,,,,3538030048,南投縣草屯鎮,"西醫一般科,"
medical,李耳鼻喉科診所,,,,,,,,,23.9767115,120.68345009999999,google_maps_result,醫療機構與人員基本資料,https://dep.mohw.gov.tw/doma/fp-4926-54415-106.html,,南投縣草屯鎮育英街１８７號,049-2338615,,,,,,,,,,,,,3538030155,南投縣草屯鎮,"耳鼻喉科,"
medical,光陽診所,,,,,,,,,23.977177899999997,120.6842389,google_maps_result,醫療機構與人員基本資料,https://dep.mohw.gov.tw/doma/fp-4926-54415-106.html,,南投縣草屯鎮太平路二段274號,049-2334203,,,,,,,,,,,,,3538030324,南投縣草屯鎮,"家庭醫學科,內科,"
medical,恆元中醫診所,,,,,,,,,23.976834,120.6814569,google_maps_result,醫療機構與人員基本資料,https://dep.mohw.gov.tw/doma/fp-4926-54415-106.html,,南投縣草屯鎮草溪路１０１１號,049-2336195,,,,,,,,,,,,,3838030035,南投縣草屯鎮,"中醫一般科,"
medical,錦林診所,,,,,,,,,23.9749746,120.6859583,google_maps_result,醫療機構與人員基本資料,https://dep.mohw.gov.tw/doma/fp-4926-54415-106.html,,南投縣草屯鎮虎山路７３６號,049-2357509,,,,,,,,,,,,,3538030851,南投縣草屯鎮,"家庭醫學科,兒科,"
medical,許智淵牙科診所,,,,,,,,,23.9799132,120.67889679999999,google_maps_result,醫療機構與人員基本資料,https://dep.mohw.gov.tw/doma/fp-4926-54415-106.html,,南投縣草屯鎮仁愛街68號,049-2334474,,,,,,,,,,,,,3738030186,南投縣草屯鎮,"牙醫一般科,"
medical,謝立中聯合診所,,,,,,,,,23.977940999999998,120.68124789999999,google_maps_result,醫療機構與人員基本資料,https://dep.mohw.gov.tw/doma/fp-4926-54415-106.html,,南投縣草屯鎮碧山南路13號,049-2301010,,,,,,,,,,,,,3538031081,南投縣草屯鎮,"家庭醫學科,內科,"
medical,信基牙醫診所,,,,,,,,,23.9732454,120.68597869999999,google_maps_result,醫療機構與人員基本資料,https://dep.mohw.gov.tw/doma/fp-4926-54415-106.html,,南投縣草屯鎮虎山路６91號,049-2307141,,,,,,,,,,,,,3738030293,南投縣草屯鎮,"牙醫一般科,"
medical,永盛中醫診所,,,,,,,,,23.976144599999998,120.68274699999999,google_maps_result,醫療機構與人員基本資料,https://dep.mohw.gov.tw/doma/fp-4926-54415-106.html,,南投縣草屯鎮中山街120號1樓,049-2356233,,,,,,,,,,,,,3838031443,南投縣草屯鎮,"中醫一般科,"
medical,陳俊義耳鼻喉科診所,,,,,,,,,23.9756856,120.68544949999999,google_maps_result,醫療機構與人員基本資料,https://dep.mohw.gov.tw/doma/fp-4926-54415-106.html,,南投縣草屯鎮明賢街10號,049-2354243,,,,,,,,,,,,,3538032739,南投縣草屯鎮,"耳鼻喉科,"
medical,祐幼小兒科診所,,,,,,,,,23.9751953,120.6859731,google_maps_result,醫療機構與人員基本資料,https://dep.mohw.gov.tw/doma/fp-4926-54415-106.html,,南投縣草屯鎮虎山路746號,2320606,,,,,,,,,,,,,3538032962,南投縣草屯鎮,"兒科,"
medical,恩典牙醫診所,,,,,,,,,23.9730113,120.68319849999999,google_maps_result,醫療機構與人員基本資料,https://dep.mohw.gov.tw/doma/fp-4926-54415-106.html,,南投縣草屯鎮太平路二段175號,049-2301287,,,,,,,,,,,,,3738031370,南投縣草屯鎮,"牙醫一般科,"
medical,培恭診所,,,,,,,,,23.976191,120.685986,google_maps_result,醫療機構與人員基本資料,https://dep.mohw.gov.tw/doma/fp-4926-54415-106.html,,南投縣草屯鎮虎山路788號,049-2365652,,,,,,,,,,,,,3538030477,南投縣草屯鎮,"西醫一般科,"
medical,宏安耳鼻喉科診所,,,,,,,,,23.979404,120.684456,google_maps_result,醫療機構與人員基本資料,https://dep.mohw.gov.tw/doma/fp-4926-54415-106.html,,南投縣草屯鎮中正路670號,049-2338109,,,,,,,,,,,,,3538033030,南投縣草屯鎮,"耳鼻喉科,"
medical,陳國楨內兒科診所,,,,,,,,,23.9690419,120.6869495,google_maps_result,醫療機構與人員基本資料,https://dep.mohw.gov.tw/doma/fp-4926-54415-106.html,,南投縣草屯鎮虎山路509號,049-2316072,,,,,,,,,,,,,3538030066,南投縣草屯鎮,"內科,兒科,"
medical,大雅診所,,,,,,,,,23.9794466,120.72263149999999,google_maps_result,醫療機構與人員基本資料,https://dep.mohw.gov.tw/doma/fp-4926-54415-106.html,,南投縣草屯鎮南埔里中正路233-12號,049-2551410,,,,,,,,,,,,,3538033209,南投縣草屯鎮,"西醫一般科,"
medical,草屯中醫診所,,,,,,,,,23.9738094,120.68762219999999,google_maps_result,醫療機構與人員基本資料,https://dep.mohw.gov.tw/doma/fp-4926-54415-106.html,,南投縣草屯鎮中興路290號1、2樓,049-2322138,,,,,,,,,,,,,3838031676,南投縣草屯鎮,"中醫一般科,"
medical,東陽牙醫診所,,,,,,,,,23.9616299,120.68508849999999,google_maps_result,醫療機構與人員基本資料,https://dep.mohw.gov.tw/doma/fp-4926-54415-106.html,,南投縣草屯鎮虎山路１７９－１號,049-2358671,,,,,,,,,,,,,3738030284,南投縣草屯鎮,"牙醫一般科,"
medical,嘉信眼科診所,,,,,,,,,23.9719035,120.6830162,google_maps_result,醫療機構與人員基本資料,https://dep.mohw.gov.tw/doma/fp-4926-54415-106.html,,南投縣草屯鎮太平路二段117號1、2樓,049-2323238,,,,,,,,,,,,,3538030995,南投縣草屯鎮,"眼科,"
medical,蔡文龍診所,,,,,,,,,23.9810747,120.6858566,google_maps_result,醫療機構與人員基本資料,https://dep.mohw.gov.tw/doma/fp-4926-54415-106.html,,南投縣草屯鎮炎峰街94號,049-2328000,,,,,,,,,,,,,3538032953,南投縣草屯鎮,"骨科,"
medical,李內兒科診所,,,,,,,,,23.98086,120.6844175,google_maps_result,醫療機構與人員基本資料,https://dep.mohw.gov.tw/doma/fp-4926-54415-106.html,,南投縣草屯鎮中正路733號,049-2362021,,,,,,,,,,,,,3538030057,南投縣草屯鎮,"內科,兒科,"
medical,賜安診所,,,,,,,,,23.979888199999998,120.68308379999999,google_maps_result,醫療機構與人員基本資料,https://dep.mohw.gov.tw/doma/fp-4926-54415-106.html,,南投縣草屯鎮中山街277號,049-2354658,,,,,,,,,,,,,3538030360,南投縣草屯鎮,"內科,兒科,"
medical,邱哲煌皮膚科診所,,,,,,,,,23.9816699,120.68446499999999,google_maps_result,醫療機構與人員基本資料,https://dep.mohw.gov.tw/doma/fp-4926-54415-106.html,,南投縣草屯鎮中正路771號,049-2322897,,,,,,,,,,,,,3538030459,南投縣草屯鎮,"皮膚科,"
medical,泰安婦產科診所,,,,,,,,,23.9791299,120.68616519999999,google_maps_result,醫療機構與人員基本資料,https://dep.mohw.gov.tw/doma/fp-4926-54415-106.html,,南投縣草屯鎮中正路608號,049-2333168,,,,,,,,,,,,,3538030593,南投縣草屯鎮,"婦產科,"
medical,戴偉竣皮膚科診所,,,,,,,,,23.9769059,120.68188869999999,google_maps_result,醫療機構與人員基本資料,https://dep.mohw.gov.tw/doma/fp-4926-54415-106.html,,南投縣草屯鎮草溪路1026號,049-2330332,,,,,,,,,,,,,3538033058,南投縣草屯鎮,"皮膚科,"
medical,鼎真牙醫診所,,,,,,,,,23.9823001,120.68503199999999,google_maps_result,醫療機構與人員基本資料,https://dep.mohw.gov.tw/doma/fp-4926-54415-106.html,,南投縣草屯鎮中正路800號1.2F,049-2353333,,,,,,,,,,,,,3738031496,南投縣草屯鎮,"牙醫一般科,"
medical,為國眼科診所,,,,,,,,,23.976362599999998,120.68146089999999,google_maps_result,醫療機構與人員基本資料,https://dep.mohw.gov.tw/doma/fp-4926-54415-106.html,,南投縣草屯鎮草溪路978號1-2樓,049-2320190,,,,,,,,,,,,,3538033067,南投縣草屯鎮,"眼科,"
medical,達文西診所,,,,,,,,,23.9620134,120.6815037,google_maps_result,醫療機構與人員基本資料,https://dep.mohw.gov.tw/doma/fp-4926-54415-106.html,,南投縣草屯鎮太平路一段255號1及2樓,049-2332788,,,,,,,,,,,,,3538033049,南投縣草屯鎮,"外科,婦產科,"
medical,紐約牙醫診所,,,,,,,,,23.977994499999998,120.67486249999999,google_maps_result,醫療機構與人員基本資料,https://dep.mohw.gov.tw/doma/fp-4926-54415-106.html,,南投縣草屯鎮中興路152號,049-2356600,,,,,,,,,,,,,3738031503,南投縣草屯鎮,"牙醫一般科,"
medical,彌陀中醫診所,,,,,,,,,23.9585232,120.6847451,google_maps_result,醫療機構與人員基本資料,https://dep.mohw.gov.tw/doma/fp-4926-54415-106.html,,南投縣草屯鎮虎山路37號,049-2392501,,,,,,,,,,,,,3838031532,南投縣草屯鎮,"中醫一般科,"
medical,林洸燁小兒科診所,,,,,,,,,23.979124499999998,120.68534609999999,google_maps_result,醫療機構與人員基本資料,https://dep.mohw.gov.tw/doma/fp-4926-54415-106.html,,南投縣草屯鎮中正路６２６號,049-2318735,,,,,,,,,,,,,3538030440,南投縣草屯鎮,"兒科,"
medical,洪啟芬診所,,,,,,,,,23.992669,120.68838,google_maps_result,醫療機構與人員基本資料,https://dep.mohw.gov.tw/doma/fp-4926-54415-106.html,,南投縣草屯鎮中正路1222號,049-2333359,,,,,,,,,,,,,3538030468,南投縣草屯鎮,"內科,"
medical,杏哲診所,,,,,,,,,23.9971553,120.71898589999999,google_maps_result,醫療機構與人員基本資料,https://dep.mohw.gov.tw/doma/fp-4926-54415-106.html,,南投縣草屯鎮玉屏路43-13號,049-2566636,,,,,,,,,,,,,3538030600,南投縣草屯鎮,"西醫一般科,"
medical,用心生活診所,,,,,,,,,23.976523,120.68650799999999,google_maps_result,醫療機構與人員基本資料,https://dep.mohw.gov.tw/doma/fp-4926-54415-106.html,,南投縣草屯鎮育英街101號1樓,049-2380866,,,,,,,,,,,,,3538033101,南投縣草屯鎮,"西醫一般科,"
medical,協安診所,,,,,,,,,23.980924899999998,120.68597489999999,google_maps_result,醫療機構與人員基本資料,https://dep.mohw.gov.tw/doma/fp-4926-54415-106.html,,南投縣草屯鎮玉峯里炎峰街84號1樓,049-2314945,,,,,,,,,,,,,3538033110,南投縣草屯鎮,"精神科,"
medical,登科中醫診所,,,,,,,,,23.979759899999998,120.6830684,google_maps_result,醫療機構與人員基本資料,https://dep.mohw.gov.tw/doma/fp-4926-54415-106.html,,南投縣草屯鎮中山街269號,049-2336559,,,,,,,,,,,,,3838031578,南投縣草屯鎮,"中醫一般科,"
medical,永隆中醫診所,,,,,,,,,23.9583037,120.68097569999999,google_maps_result,醫療機構與人員基本資料,https://dep.mohw.gov.tw/doma/fp-4926-54415-106.html,,南投縣草屯鎮太平路1段95-1號1-2樓,049-2390030,,,,,,,,,,,,,3838031630,南投縣草屯鎮,"中醫一般科,"
medical,言臻中醫診所,,,,,,,,,23.973819499999998,120.6835952,google_maps_result,醫療機構與人員基本資料,https://dep.mohw.gov.tw/doma/fp-4926-54415-106.html,,南投縣草屯鎮太平路2段198號1樓,049-2367569,,,,,,,,,,,,,3838031612,南投縣草屯鎮,"中醫一般科,"
medical,白奇憲診所,,,,,,,,,23.9772121,120.6828608,google_maps_result,醫療機構與人員基本資料,https://dep.mohw.gov.tw/doma/fp-4926-54415-106.html,,南投縣草屯鎮中山街154、156號1樓,049-2353636,,,,,,,,,,,,,3538033156,南投縣草屯鎮,"內科,"
medical,安馨牙醫診所,,,,,,,,,23.9708546,120.6866486,google_maps_result,醫療機構與人員基本資料,https://dep.mohw.gov.tw/doma/fp-4926-54415-106.html,,南投縣草屯鎮虎山路677號1、2樓,049-2336637,,,,,,,,,,,,,3738031512,南投縣草屯鎮,"牙醫一般科,"
medical,承心中醫診所,,,,,,,,,23.973954799999998,120.6807716,google_maps_result,醫療機構與人員基本資料,https://dep.mohw.gov.tw/doma/fp-4926-54415-106.html,,南投縣草屯鎮草鞋墩一街5及7號1樓,0492310628,,,,,,,,,,,,,3838031587,南投縣草屯鎮,"中醫一般科,"
medical,唐中醫診所,,,,,,,,,23.965013199999998,120.68423179999999,google_maps_result,醫療機構與人員基本資料,https://dep.mohw.gov.tw/doma/fp-4926-54415-106.html,,南投縣草屯鎮新生路169號1樓、2樓,049-2331258,,,,,,,,,,,,,3838031603,南投縣草屯鎮,"中醫一般科,"
medical,佑民醫療社團法人佑民醫院,,,,,,,,,23.9605827,120.68165959999999,google_maps_result,醫療機構與人員基本資料,https://dep.mohw.gov.tw/doma/fp-4926-54415-106.html,,南投縣草屯鎮太平路一段200號,049-2358151,,,,,,,,,,,,,0938030016,南投縣草屯鎮,"家庭醫學科,內科,外科,兒科,婦產科,骨科,神經科,神經外科,泌尿科,眼科,復健科,麻醉科,放射診斷科,急診醫學科,牙醫一般科,"
medical,曾漢棋綜合醫院,,,,,,,,,23.9785896,120.6857436,google_maps_result,醫療機構與人員基本資料,https://dep.mohw.gov.tw/doma/fp-4926-54415-106.html,,南投縣草屯鎮虎山路９１５號,049-2314149,,,,,,,,,,,,,1538030037,南投縣草屯鎮,"家庭醫學科,內科,外科,復健科,放射診斷科,急診醫學科,"
medical,大雄泌尿科診所,,,,,,,,,23.975173899999998,120.68236599999999,google_maps_result,醫療機構與人員基本資料,https://dep.mohw.gov.tw/doma/fp-4926-54415-106.html,,南投縣草屯鎮中山街53號,049-2326299,,,,,,,,,,,,,3538033021,南投縣草屯鎮,"泌尿科,"
medical,南投縣草屯鎮衛生所,,,,,,,,,23.9733423,120.68077439999999,google_maps_result,醫療機構與人員基本資料,https://dep.mohw.gov.tw/doma/fp-4926-54415-106.html,,南投縣草屯鎮草溪路882巷7號,0492362023,,,,,,,,,,,,,2338030016,南投縣草屯鎮,"西醫一般科,"
medical,呂外科婦產科診所,,,,,,,,,23.755291,120.68112199999999,google_maps_result,醫療機構與人員基本資料,https://dep.mohw.gov.tw/doma/fp-4926-54415-106.html,,南投縣竹山鎮集山路三段1001號,049-2642801,,,,,,,,,,,,,3538040035,南投縣竹山鎮,"外科,婦產科,"
medical,憲珍診所,,,,,,,,,23.7534253,120.68035379999999,google_maps_result,醫療機構與人員基本資料,https://dep.mohw.gov.tw/doma/fp-4926-54415-106.html,,南投縣竹山鎮埔頭街一巷一號,049-2643086,,,,,,,,,,,,,3538040071,南投縣竹山鎮,"內科,兒科,"
medical,陳義本診所,,,,,,,,,23.7577693,120.68460739999999,google_maps_result,醫療機構與人員基本資料,https://dep.mohw.gov.tw/doma/fp-4926-54415-106.html,,南投縣竹山鎮集山路三段833號,049-2655907,,,,,,,,,,,,,3538040311,南投縣竹山鎮,"家庭醫學科,"
medical,陳重光耳鼻喉科診所,,,,,,,,,23.7553484,120.6807683,google_maps_result,醫療機構與人員基本資料,https://dep.mohw.gov.tw/doma/fp-4926-54415-106.html,,南投縣竹山鎮集山路三段1062號,049-2662352,,,,,,,,,,,,,3538040366,南投縣竹山鎮,"耳鼻喉科,"
medical,安馨竹山內科診所,,,,,,,,,23.761061899999998,120.6935329,google_maps_result,醫療機構與人員基本資料,https://dep.mohw.gov.tw/doma/fp-4926-54415-106.html,,南投縣竹山鎮集山路三段483號,049-2630208,,,,,,,,,,,,,3538041425,南投縣竹山鎮,"內科,"
medical,鼎億堂中醫診所,,,,,,,,,23.7634251,120.7012637,google_maps_result,醫療機構與人員基本資料,https://dep.mohw.gov.tw/doma/fp-4926-54415-106.html,,南投縣竹山鎮集山路三段213號,049-2642557,,,,,,,,,,,,,3838041190,南投縣竹山鎮,"中醫一般科,"
medical,永樂中醫診所,,,,,,,,,23.758546,120.68597039999999,google_maps_result,醫療機構與人員基本資料,https://dep.mohw.gov.tw/doma/fp-4926-54415-106.html,,南投縣竹山鎮集山路三段777號,,,,,,,,,,,,,,3838041181,南投縣竹山鎮,"中醫一般科,"
medical,喆喆耳鼻喉科診所,,,,,,,,,23.7572077,120.673282,google_maps_result,醫療機構與人員基本資料,https://dep.mohw.gov.tw/doma/fp-4926-54415-106.html,,南投縣竹山鎮大仁路187號1樓,049-2653998；0932-522862,,,,,,,,,,,,,3538041578,南投縣竹山鎮,"耳鼻喉科,"
medical,陳耀宗診所,,,,,,,,,23.7593218,120.68650489999999,google_maps_result,醫療機構與人員基本資料,https://dep.mohw.gov.tw/doma/fp-4926-54415-106.html,,南投縣竹山鎮集山路三段816號,049-2653722,,,,,,,,,,,,,3538040357,南投縣竹山鎮,"家庭醫學科,"
medical,理和中醫診所,,,,,,,,,23.7616577,120.694313,google_maps_result,醫療機構與人員基本資料,https://dep.mohw.gov.tw/doma/fp-4926-54415-106.html,,南投縣竹山鎮延和里集山路三段516號1F,049-2658926,,,,,,,,,,,,,3838041163,南投縣竹山鎮,"中醫一般科,"
medical,竹山秀傳醫療社團法人竹山秀傳醫院,,,,,,,,,23.8000765,120.7140106,google_maps_result,醫療機構與人員基本資料,https://dep.mohw.gov.tw/doma/fp-4926-54415-106.html,,南投縣竹山鎮集山路2段75號,049-2624266,,,,,,,,,,,,,0938040012,南投縣竹山鎮,"家庭醫學科,內科,外科,兒科,婦產科,骨科,神經科,神經外科,泌尿科,耳鼻喉科,復健科,麻醉科,放射診斷科,急診醫學科,牙醫一般科,中醫一般科,"
medical,詹外婦產科診所,,,,,,,,,23.7598071,120.68982439999999,google_maps_result,醫療機構與人員基本資料,https://dep.mohw.gov.tw/doma/fp-4926-54415-106.html,,南投縣竹山鎮集山路三段６２３巷一號,049-2643559,,,,,,,,,,,,,3538040017,南投縣竹山鎮,"外科,婦產科,"
medical,益民診所,,,,,,,,,23.7596092,120.686325,google_maps_result,醫療機構與人員基本資料,https://dep.mohw.gov.tw/doma/fp-4926-54415-106.html,,南投縣竹山鎮集山路三段816-3及816-4號,049-2660639,,,,,,,,,,,,,3538041612,南投縣竹山鎮,"內科,"
medical,南投縣竹山鎮衛生所,,,,,,,,,23.759486,120.672477,google_maps_result,醫療機構與人員基本資料,https://dep.mohw.gov.tw/doma/fp-4926-54415-106.html,,南投縣竹山鎮公所路126號,049642026,,,,,,,,,,,,,2338040012,南投縣竹山鎮,
medical,佑幼耳鼻喉科診所,,,,,,,,,23.757043499999998,120.6833181,google_maps_result,醫療機構與人員基本資料,https://dep.mohw.gov.tw/doma/fp-4926-54415-106.html,,南投縣竹山鎮集山路3段,049-2637733,,,,,,,,,,,,,3538041621,南投縣竹山鎮,"耳鼻喉科,"
medical,劉輔仁眼科診所,,,,,,,,,23.757192699999997,120.6795836,google_maps_result,醫療機構與人員基本資料,https://dep.mohw.gov.tw/doma/fp-4926-54415-106.html,,南投縣竹山鎮前山路一段95號,049-2642494,,,,,,,,,,,,,3538040339,南投縣竹山鎮,"眼科,"
medical,潔明眼科診所,,,,,,,,,23.756617799999997,120.6814881,google_maps_result,醫療機構與人員基本資料,https://dep.mohw.gov.tw/doma/fp-4926-54415-106.html,,南投縣竹山鎮前山路1段23號,049-2652991,,,,,,,,,,,,,3538041416,南投縣竹山鎮,"眼科,"
medical,苹慈中醫診所,,,,,,,,,23.756820599999998,120.6838418,google_maps_result,醫療機構與人員基本資料,https://dep.mohw.gov.tw/doma/fp-4926-54415-106.html,,南投縣竹山鎮下橫街５３－８號,049-2654246,,,,,,,,,,,,,3838040086,南投縣竹山鎮,"中醫一般科,"
medical,弘仁診所,,,,,,,,,23.757355999999998,120.683454,google_maps_result,醫療機構與人員基本資料,https://dep.mohw.gov.tw/doma/fp-4926-54415-106.html,,南投縣竹山鎮集山路三段948-1號1樓,,,,,,,,,,,,,,3538041550,南投縣竹山鎮,"內科,"
medical,維美牙醫診所,,,,,,,,,23.758354999999998,120.68545809999999,google_maps_result,醫療機構與人員基本資料,https://dep.mohw.gov.tw/doma/fp-4926-54415-106.html,,南投縣竹山鎮集山路三段797號1樓,,,,,,,,,,,,,,3738041205,南投縣竹山鎮,"牙醫一般科,"
medical,德山牙醫診所,,,,,,,,,23.7616184,120.6954842,google_maps_result,醫療機構與人員基本資料,https://dep.mohw.gov.tw/doma/fp-4926-54415-106.html,,南投縣竹山鎮集山路三段425號,049-2655989,,,,,,,,,,,,,3738041189,南投縣竹山鎮,"牙醫一般科,"
medical,惠元診所,,,,,,,,,23.7561505,120.69142579999999,google_maps_result,醫療機構與人員基本資料,https://dep.mohw.gov.tw/doma/fp-4926-54415-106.html,,南投縣竹山鎮中正巷27-99號,2651932,,,,,,,,,,,,,3538041505,南投縣竹山鎮,"西醫一般科,"
medical,曾雅展牙醫診所,,,,,,,,,23.754167199999998,120.681964,google_maps_result,醫療機構與人員基本資料,https://dep.mohw.gov.tw/doma/fp-4926-54415-106.html,,南投縣竹山鎮林圯街14 之2號,049-2643391,,,,,,,,,,,,,3738040020,南投縣竹山鎮,"牙醫一般科,"
medical,黃牙醫診所,,,,,,,,,23.754835,120.68538099999999,google_maps_result,醫療機構與人員基本資料,https://dep.mohw.gov.tw/doma/fp-4926-54415-106.html,,南投縣竹山鎮菜園路３－１號,049-2653418,,,,,,,,,,,,,3738040093,南投縣竹山鎮,"牙醫一般科,"
medical,正新牙醫診所,,,,,,,,,23.755697299999998,120.68330739999999,google_maps_result,醫療機構與人員基本資料,https://dep.mohw.gov.tw/doma/fp-4926-54415-106.html,,南投縣竹山鎮中正橫街７２號,049-2656466,,,,,,,,,,,,,3738040100,南投縣竹山鎮,"牙醫一般科,"
medical,冠美牙醫診所,,,,,,,,,23.753934899999997,120.684247,google_maps_result,醫療機構與人員基本資料,https://dep.mohw.gov.tw/doma/fp-4926-54415-106.html,,南投縣竹山鎮橫街１３號,049-2653163,,,,,,,,,,,,,3738040119,南投縣竹山鎮,"牙醫一般科,"
medical,眾安牙醫診所,,,,,,,,,23.757294299999998,120.67984399999999,google_maps_result,醫療機構與人員基本資料,https://dep.mohw.gov.tw/doma/fp-4926-54415-106.html,,南投縣竹山鎮前山路一段５４號,049-2660175,,,,,,,,,,,,,3738040146,南投縣竹山鎮,"牙醫一般科,"
medical,生活牙醫診所,,,,,,,,,23.757215199999997,120.6795587,google_maps_result,醫療機構與人員基本資料,https://dep.mohw.gov.tw/doma/fp-4926-54415-106.html,,南投縣竹山鎮前山路一段９９號,049-2660260,,,,,,,,,,,,,3738040155,南投縣竹山鎮,"牙醫一般科,"
medical,石田牙醫診所,,,,,,,,,23.7635795,120.70175549999999,google_maps_result,醫療機構與人員基本資料,https://dep.mohw.gov.tw/doma/fp-4926-54415-106.html,,南投縣竹山鎮集山路三段207-4號,049-2635058,,,,,,,,,,,,,3738041198,南投縣竹山鎮,"牙醫一般科,"
medical,萬安中醫診所,,,,,,,,,23.7584213,120.6857433,google_maps_result,醫療機構與人員基本資料,https://dep.mohw.gov.tw/doma/fp-4926-54415-106.html,,南投縣竹山鎮集山路三段785號,049-2649649,,,,,,,,,,,,,3838040059,南投縣竹山鎮,"中醫一般科,"
medical,大明中醫診所,,,,,,,,,23.7600627,120.68483549999999,google_maps_result,醫療機構與人員基本資料,https://dep.mohw.gov.tw/doma/fp-4926-54415-106.html,,南投縣竹山鎮大明路183號,049-2654936,,,,,,,,,,,,,3838040095,南投縣竹山鎮,"中醫一般科,"
medical,惠群中醫診所,,,,,,,,,23.756179799999998,120.6828177,google_maps_result,醫療機構與人員基本資料,https://dep.mohw.gov.tw/doma/fp-4926-54415-106.html,,南投縣竹山鎮橫街79號,049-2630702,,,,,,,,,,,,,3838041127,南投縣竹山鎮,"中醫一般科,"
medical,東華醫院,,,,,,,,,23.7643168,120.7000633,google_maps_result,醫療機構與人員基本資料,https://dep.mohw.gov.tw/doma/fp-4926-54415-106.html,,南投縣竹山鎮集山路三段272巷16號,049-2658949,,,,,,,,,,,,,1538041209,南投縣竹山鎮,"家庭醫學科,內科,神經科,復健科,麻醉科,放射診斷科,急診醫學科,中醫一般科,"
medical,智瑤小兒科診所,,,,,,,,,23.7571276,120.6835747,google_maps_result,醫療機構與人員基本資料,https://dep.mohw.gov.tw/doma/fp-4926-54415-106.html,,南投縣竹山鎮集山路三段879號,049-2652288,,,,,,,,,,,,,3538041443,南投縣竹山鎮,"兒科,"
medical,慶興堂中醫診所,,,,,,,,,23.756669499999997,120.6805813,google_maps_result,醫療機構與人員基本資料,https://dep.mohw.gov.tw/doma/fp-4926-54415-106.html,,南投縣竹山鎮頂橫街６０號,049-2659766,,,,,,,,,,,,,3838040102,南投縣竹山鎮,"中醫一般科,"
medical,得安診所,,,,,,,,,23.7575634,120.68666999999999,google_maps_result,醫療機構與人員基本資料,https://dep.mohw.gov.tw/doma/fp-4926-54415-106.html,,南投縣竹山鎮竹山路2號,049-2642930,,,,,,,,,,,,,3538040080,南投縣竹山鎮,"內科,兒科,"
medical,瑞竹診所,,,,,,,,,23.762154799999998,120.6811766,google_maps_result,醫療機構與人員基本資料,https://dep.mohw.gov.tw/doma/fp-4926-54415-106.html,,南投縣竹山鎮下坪里枋坪巷2-9號,049-2649319,,,,,,,,,,,,,3538041523,南投縣竹山鎮,"內科,"
medical,沈仁諒診所,,,,,,,,,23.7580249,120.68335599999999,google_maps_result,醫療機構與人員基本資料,https://dep.mohw.gov.tw/doma/fp-4926-54415-106.html,,南投縣竹山鎮下橫街58-7號,049-2648276,,,,,,,,,,,,,3538040124,南投縣竹山鎮,"西醫一般科,"
medical,葉婦產科診所,,,,,,,,,23.7605801,120.6870687,google_maps_result,醫療機構與人員基本資料,https://dep.mohw.gov.tw/doma/fp-4926-54415-106.html,,南投縣竹山鎮大明路１９４號,049-2643770,,,,,,,,,,,,,3538040197,南投縣竹山鎮,"婦產科,"
medical,春臨診所,,,,,,,,,23.7668674,120.70615219999999,google_maps_result,醫療機構與人員基本資料,https://dep.mohw.gov.tw/doma/fp-4926-54415-106.html,,南投縣竹山鎮集山路三段１８號,049-2642446,,,,,,,,,,,,,3538040179,南投縣竹山鎮,"西醫一般科,"
medical,謝明哲診所,,,,,,,,,23.7594116,120.686427,google_maps_result,醫療機構與人員基本資料,https://dep.mohw.gov.tw/doma/fp-4926-54415-106.html,,南投縣竹山鎮集山路三段816之2號,049-2660583,,,,,,,,,,,,,3538041434,南投縣竹山鎮,"西醫一般科,"
medical,杏如皮膚科診所,,,,,,,,,23.759194599999997,120.6865787,google_maps_result,醫療機構與人員基本資料,https://dep.mohw.gov.tw/doma/fp-4926-54415-106.html,,南投縣竹山鎮集山路三段820號,049-2642778,,,,,,,,,,,,,3538041407,南投縣竹山鎮,"皮膚科,"
medical,益川診所,,,,,,,,,23.755381,120.68251389999999,google_maps_result,醫療機構與人員基本資料,https://dep.mohw.gov.tw/doma/fp-4926-54415-106.html,,南投縣竹山鎮雲林路５９號,049-2643301,,,,,,,,,,,,,3538040277,南投縣竹山鎮,"西醫一般科,"
medical,悅恩中醫診所,,,,,,,,,23.828003499999998,120.78231419999999,google_maps_result,醫療機構與人員基本資料,https://dep.mohw.gov.tw/doma/fp-4926-54415-106.html,,南投縣集集鎮集集街102號1樓,049-2762277,,,,,,,,,,,,,3838050528,南投縣集集鎮,"中醫一般科,"
medical,民生牙醫診所,,,,,,,,,23.8269922,120.77931889999999,google_maps_result,醫療機構與人員基本資料,https://dep.mohw.gov.tw/doma/fp-4926-54415-106.html,,南投縣集集鎮民生路340號,049-2762860,,,,,,,,,,,,,3738050571,南投縣集集鎮,"牙醫一般科,"
medical,第一診所,,,,,,,,,23.827051899999997,120.7825259,google_maps_result,醫療機構與人員基本資料,https://dep.mohw.gov.tw/doma/fp-4926-54415-106.html,,南投縣集集鎮民生路234號,049-2761888,,,,,,,,,,,,,3538051154,南投縣集集鎮,"西醫一般科,"
medical,南投縣集集鎮衛生所,,,,,,,,,23.8288989,120.7866294,google_maps_result,醫療機構與人員基本資料,https://dep.mohw.gov.tw/doma/fp-4926-54415-106.html,,南投縣集集鎮民生路106號,049-2762015,,,,,,,,,,,,,2338050018,南投縣集集鎮,"內科,"
medical,陳威申診所,,,,,,,,,23.8270439,120.78240389999999,google_maps_result,醫療機構與人員基本資料,https://dep.mohw.gov.tw/doma/fp-4926-54415-106.html,,南投縣集集鎮民生路242號,049-2762888,,,,,,,,,,,,,3538051172,南投縣集集鎮,"西醫一般科,"
medical,南投縣名間鄉衛生所,,,,,,,,,23.838452,120.702839,google_maps_result,醫療機構與人員基本資料,https://dep.mohw.gov.tw/doma/fp-4926-54415-106.html,,南投縣名間鄉中正村彰南路42號,049-2732135,,,,,,,,,,,,,2338060014,南投縣名間鄉,"家庭醫學科,"
medical,文和診所,,,,,,,,,23.8356985,120.7026906,google_maps_result,醫療機構與人員基本資料,https://dep.mohw.gov.tw/doma/fp-4926-54415-106.html,,南投縣名間鄉員集路126號,049-2737171,,,,,,,,,,,,,3538061347,南投縣名間鄉,"西醫一般科,"
medical,瑞龍堂中醫診所,,,,,,,,,23.8433744,120.6993631,google_maps_result,醫療機構與人員基本資料,https://dep.mohw.gov.tw/doma/fp-4926-54415-106.html,,南投縣名間鄉中山村1鄰彰南路186號、188號1樓,049-2732055,,,,,,,,,,,,,3838061101,南投縣名間鄉,"中醫一般科,"
medical,博仁診所,,,,,,,,,23.8355575,120.7036468,google_maps_result,醫療機構與人員基本資料,https://dep.mohw.gov.tw/doma/fp-4926-54415-106.html,,南投縣名間鄉員集路93號,049-2730089,,,,,,,,,,,,,3538061383,南投縣名間鄉,"家庭醫學科,"
medical,安康診所,,,,,,,,,23.8355575,120.7036468,google_maps_result,醫療機構與人員基本資料,https://dep.mohw.gov.tw/doma/fp-4926-54415-106.html,,南投縣名間鄉員集路93號,049-2730089,,,,,,,,,,,,,3538061365,南投縣名間鄉,"家庭醫學科,"
medical,正安診所,,,,,,,,,23.838060499999997,120.70218179999999,google_maps_result,醫療機構與人員基本資料,https://dep.mohw.gov.tw/doma/fp-4926-54415-106.html,,南投縣名間鄉南雅街124號,049-2737666,,,,,,,,,,,,,3538061338,南投縣名間鄉,"兒科,"
medical,劉福興診所,,,,,,,,,23.8795617,120.6932271,google_maps_result,醫療機構與人員基本資料,https://dep.mohw.gov.tw/doma/fp-4926-54415-106.html,,南投縣名間鄉新街村彰南路４７０號,049-2239936,,,,,,,,,,,,,3538060126,南投縣名間鄉,"西醫一般科,"
medical,大庄羅診所,,,,,,,,,23.8761044,120.6563046,google_maps_result,醫療機構與人員基本資料,https://dep.mohw.gov.tw/doma/fp-4926-54415-106.html,,南投縣名間鄉南田路86-16號,2273525,,,,,,,,,,,,,3538061294,南投縣名間鄉,"西醫一般科,"
medical,松柏診所,,,,,,,,,23.8358515,120.6340912,google_maps_result,醫療機構與人員基本資料,https://dep.mohw.gov.tw/doma/fp-4926-54415-106.html,,南投縣名間鄉名松路二段279號,049-2583777,,,,,,,,,,,,,3538061276,南投縣名間鄉,"內科,"
medical,民生診所,,,,,,,,,23.839596,120.701402,google_maps_result,醫療機構與人員基本資料,https://dep.mohw.gov.tw/doma/fp-4926-54415-106.html,,南投縣名間鄉彰南路６５－１號,049-2735353,,,,,,,,,,,,,3538060117,南投縣名間鄉,"西醫一般科,"
medical,名間眼科診所,,,,,,,,,23.8416726,120.70047079999999,google_maps_result,醫療機構與人員基本資料,https://dep.mohw.gov.tw/doma/fp-4926-54415-106.html,,南投縣名間鄉彰南路96之2號1樓,049-2739909,,,,,,,,,,,,,3538061409,南投縣名間鄉,"眼科,"
medical,松茂牙醫診所,,,,,,,,,23.8354257,120.70164829999999,google_maps_result,醫療機構與人員基本資料,https://dep.mohw.gov.tw/doma/fp-4926-54415-106.html,,南投縣名間鄉員集路１４７－３號,049-2730781,,,,,,,,,,,,,3738060059,南投縣名間鄉,"牙醫一般科,"
medical,佑生中醫診所,,,,,,,,,23.8356985,120.7026906,google_maps_result,醫療機構與人員基本資料,https://dep.mohw.gov.tw/doma/fp-4926-54415-106.html,,南投縣名間鄉員集路126號,049-2737111,,,,,,,,,,,,,3838061094,南投縣名間鄉,"中醫一般科,"
medical,康壽中醫診所,,,,,,,,,23.875353999999998,120.693029,google_maps_result,醫療機構與人員基本資料,https://dep.mohw.gov.tw/doma/fp-4926-54415-106.html,,南投縣名間鄉彰南路373之4號,049-2220918,,,,,,,,,,,,,3838061085,南投縣名間鄉,"中醫一般科,"
medical,福田牙醫診所,,,,,,,,,23.836098999999997,120.705147,google_maps_result,醫療機構與人員基本資料,https://dep.mohw.gov.tw/doma/fp-4926-54415-106.html,,南投縣名間鄉濁水村彰南路1-5號,049-2736531,,,,,,,,,,,,,3738061083,南投縣名間鄉,"牙醫一般科,"
medical,玄祐診所,,,,,,,,,23.8385049,120.7002895,google_maps_result,醫療機構與人員基本資料,https://dep.mohw.gov.tw/doma/fp-4926-54415-106.html,,南投縣名間鄉董門巷36號1樓,0492730988,,,,,,,,,,,,,3538061329,南投縣名間鄉,"西醫一般科,"
medical,明仁牙醫診所,,,,,,,,,23.8340835,120.63443749999999,google_maps_result,醫療機構與人員基本資料,https://dep.mohw.gov.tw/doma/fp-4926-54415-106.html,,南投縣名間鄉松山村豐柏路２７－１號,049-2530030,,,,,,,,,,,,,3738060022,南投縣名間鄉,"牙醫一般科,"
medical,南投縣鹿谷鄉衛生所,,,,,,,,,23.7448759,120.7542366,google_maps_result,醫療機構與人員基本資料,https://dep.mohw.gov.tw/doma/fp-4926-54415-106.html,,南投縣鹿谷鄉中正路二段20號,049752002,,,,,,,,,,,,,2338070010,南投縣鹿谷鄉,"西醫一般科,"
medical,常安診所,,,,,,,,,23.7383399,120.76064129999999,google_maps_result,醫療機構與人員基本資料,https://dep.mohw.gov.tw/doma/fp-4926-54415-106.html,,南投縣鹿谷鄉中正路一段55號,049-2755102,,,,,,,,,,,,,3538071101,南投縣鹿谷鄉,"西醫一般科,"
medical,鹿谷鄉農民診所,,,,,,,,,23.737017899999998,120.76066999999999,google_maps_result,醫療機構與人員基本資料,https://dep.mohw.gov.tw/doma/fp-4926-54415-106.html,,南投縣鹿谷鄉廣興村光復路188號一樓,049-,,,,,,,,,,,,,3538070060,南投縣鹿谷鄉,"西醫一般科,"
medical,陳首志診所,,,,,,,,,23.7437896,120.7551968,google_maps_result,醫療機構與人員基本資料,https://dep.mohw.gov.tw/doma/fp-4926-54415-106.html,,南投縣鹿谷鄉彰雅村中正路一段324號,049751753,,,,,,,,,,,,,3538070033,南投縣鹿谷鄉,"西醫一般科,"
medical,南投縣中寮鄉衛生所,,,,,,,,,23.8808579,120.7655807,google_maps_result,醫療機構與人員基本資料,https://dep.mohw.gov.tw/doma/fp-4926-54415-106.html,,南投縣中寮鄉永平村永昌街102號,049-2691404,,,,,,,,,,,,,2338080016,南投縣中寮鄉,"西醫一般科,"
medical,良平診所,,,,,,,,,23.8806118,120.7644715,google_maps_result,醫療機構與人員基本資料,https://dep.mohw.gov.tw/doma/fp-4926-54415-106.html,,南投縣中寮鄉永平村永安街188號,049-2691996,,,,,,,,,,,,,3538080155,南投縣中寮鄉,"家庭醫學科,"
medical,吳鴻儀診所,,,,,,,,,23.935412799999998,120.7602209,google_maps_result,醫療機構與人員基本資料,https://dep.mohw.gov.tw/doma/fp-4926-54415-106.html,,南投縣中寮鄉龍岩村龍南路196號1F,049-2601601,,,,,,,,,,,,,3538081287,南投縣中寮鄉,"西醫一般科,"
medical,永順診所,,,,,,,,,23.8792589,120.7673835,google_maps_result,醫療機構與人員基本資料,https://dep.mohw.gov.tw/doma/fp-4926-54415-106.html,,南投縣中寮鄉永平村永安街73號1樓,2692468,,,,,,,,,,,,,3538081321,南投縣中寮鄉,"西醫一般科,"
medical,詹子政診所,,,,,,,,,23.879469099999998,120.7648071,google_maps_result,醫療機構與人員基本資料,https://dep.mohw.gov.tw/doma/fp-4926-54415-106.html,,南投縣中寮鄉初中巷2-1號,049-2694988,,,,,,,,,,,,,3538081205,南投縣中寮鄉,"西醫一般科,"
medical,光華中醫診所,,,,,,,,,23.8788384,120.7658618,google_maps_result,醫療機構與人員基本資料,https://dep.mohw.gov.tw/doma/fp-4926-54415-106.html,,南投縣中寮鄉永平村永平路２４９號,049-2694686,,,,,,,,,,,,,3838080017,南投縣中寮鄉,"中醫一般科,"
medical,蕭牙醫診所,,,,,,,,,23.897482999999998,120.935808,google_maps_result,醫療機構與人員基本資料,https://dep.mohw.gov.tw/doma/fp-4926-54415-106.html,,南投縣魚池鄉魚池街４００號,049-2895654,,,,,,,,,,,,,3738090011,南投縣魚池鄉,"牙醫一般科,"
medical,南投縣魚池鄉衛生所,,,,,,,,,23.8954991,120.9411904,google_maps_result,醫療機構與人員基本資料,https://dep.mohw.gov.tw/doma/fp-4926-54415-106.html,,南投縣魚池鄉魚池街194號,049-2895513,,,,,,,,,,,,,2338090012,南投縣魚池鄉,"西醫一般科,"
medical,台安診所,,,,,,,,,23.897394,120.93807299999999,google_maps_result,醫療機構與人員基本資料,https://dep.mohw.gov.tw/doma/fp-4926-54415-106.html,,南投縣魚池鄉魚池街334巷16號,049-285139,,,,,,,,,,,,,3538091103,南投縣魚池鄉,"西醫一般科,"
medical,新惠安中醫診所,,,,,,,,,23.897026699999998,120.9364743,google_maps_result,醫療機構與人員基本資料,https://dep.mohw.gov.tw/doma/fp-4926-54415-106.html,,南投縣魚池鄉魚池街366號,049-2896805,,,,,,,,,,,,,3838090013,南投縣魚池鄉,"中醫一般科,"
medical,上恩診所,,,,,,,,,23.8973034,120.9358939,google_maps_result,醫療機構與人員基本資料,https://dep.mohw.gov.tw/doma/fp-4926-54415-106.html,,南投縣魚池鄉魚池村魚池街392號,049-2897448,,,,,,,,,,,,,3538090071,南投縣魚池鄉,"西醫一般科,"
medical,楊順喜小兒科診所,,,,,,,,,23.8967478,120.93696159999999,google_maps_result,醫療機構與人員基本資料,https://dep.mohw.gov.tw/doma/fp-4926-54415-106.html,,南投縣魚池鄉魚池街125之2號1樓,049-2898591,,,,,,,,,,,,,3538091096,南投縣魚池鄉,"兒科,"
medical,邱仁宏牙醫診所,,,,,,,,,23.8968131,120.9355679,google_maps_result,醫療機構與人員基本資料,https://dep.mohw.gov.tw/doma/fp-4926-54415-106.html,,南投縣魚池鄉魚池街４６1號,049-2898918,,,,,,,,,,,,,3738090020,南投縣魚池鄉,"牙醫一般科,"
medical,安鴻診所,,,,,,,,,24.0412933,120.856601,google_maps_result,醫療機構與人員基本資料,https://dep.mohw.gov.tw/doma/fp-4926-54415-106.html,,南投縣國姓鄉中興路130號1樓,049-2722778,,,,,,,,,,,,,3538101382,南投縣國姓鄉,"西醫一般科,"
medical,南投縣國姓鄉衛生所,,,,,,,,,24.037817,120.8547007,google_maps_result,醫療機構與人員基本資料,https://dep.mohw.gov.tw/doma/fp-4926-54415-106.html,,南投縣國姓鄉民族街４２號,049-2721009,,,,,,,,,,,,,2338100013,南投縣國姓鄉,"家庭醫學科,"
medical,永隆診所,,,,,,,,,23.9808068,120.87208179999999,google_maps_result,醫療機構與人員基本資料,https://dep.mohw.gov.tw/doma/fp-4926-54415-106.html,,南投縣國姓鄉北山村南港路303號1樓,049-2452506,,,,,,,,,,,,,3538101408,南投縣國姓鄉,"西醫一般科,"
medical,王丕振診所,,,,,,,,,24.042659999999998,120.8579769,google_maps_result,醫療機構與人員基本資料,https://dep.mohw.gov.tw/doma/fp-4926-54415-106.html,,南投縣國姓鄉中興路51號,049-2720507,,,,,,,,,,,,,3538101417,南投縣國姓鄉,"婦產科,西醫一般科,"
medical,家家中醫診所,,,,,,,,,24.0406487,120.8560074,google_maps_result,醫療機構與人員基本資料,https://dep.mohw.gov.tw/doma/fp-4926-54415-106.html,,南投縣國姓鄉中興路170號1樓,049-2723391,,,,,,,,,,,,,3838101066,南投縣國姓鄉,"中醫一般科,"
medical,艾美牙醫診所,,,,,,,,,24.038138,120.85401499999999,google_maps_result,醫療機構與人員基本資料,https://dep.mohw.gov.tw/doma/fp-4926-54415-106.html,,南投縣國姓鄉國姓村中興路326號,049-2720147,,,,,,,,,,,,,3738101046,南投縣國姓鄉,"牙醫一般科,"
medical,興安中醫診所,,,,,,,,,23.8167287,120.8519017,google_maps_result,醫療機構與人員基本資料,https://dep.mohw.gov.tw/doma/fp-4926-54415-106.html,,南投縣水里鄉城中村太平街87號,049-2770757,,,,,,,,,,,,,3838110074,南投縣水里鄉,"中醫一般科,"
medical,幼幼耳鼻喉科診所,,,,,,,,,23.817844599999997,120.8532288,google_maps_result,醫療機構與人員基本資料,https://dep.mohw.gov.tw/doma/fp-4926-54415-106.html,,南投縣水里鄉民權路,,,,,,,,,,,,,,3538111637,南投縣水里鄉,"耳鼻喉科,"
medical,華佗中醫診所,,,,,,,,,23.816359,120.85347519999999,google_maps_result,醫療機構與人員基本資料,https://dep.mohw.gov.tw/doma/fp-4926-54415-106.html,,南投縣水里鄉中央村民族路492號,,,,,,,,,,,,,,3838110065,南投縣水里鄉,"中醫一般科,"
medical,張牙醫診所,,,,,,,,,23.816903399999998,120.85260459999999,google_maps_result,醫療機構與人員基本資料,https://dep.mohw.gov.tw/doma/fp-4926-54415-106.html,,南投縣水里鄉城中村太平街53號,049770143,,,,,,,,,,,,,3738110018,南投縣水里鄉,"牙醫一般科,"
medical,懷安牙醫診所,,,,,,,,,23.8179356,120.85339649999999,google_maps_result,醫療機構與人員基本資料,https://dep.mohw.gov.tw/doma/fp-4926-54415-106.html,,南投縣水里鄉水里村民權路182號,049-2778345,,,,,,,,,,,,,3738110045,南投縣水里鄉,"牙醫一般科,"
medical,佳美牙醫診所,,,,,,,,,23.8150199,120.8524324,google_maps_result,醫療機構與人員基本資料,https://dep.mohw.gov.tw/doma/fp-4926-54415-106.html,,南投縣水里鄉中央村中正路112號,049_2778563,,,,,,,,,,,,,3738111113,南投縣水里鄉,"牙醫一般科,"
medical,和平中醫診所,,,,,,,,,23.817204699999998,120.85199519999999,google_maps_result,醫療機構與人員基本資料,https://dep.mohw.gov.tw/doma/fp-4926-54415-106.html,,南投縣水里鄉民權路272號1F,049-2770607,,,,,,,,,,,,,3838111124,南投縣水里鄉,"中醫一般科,"
medical,益品安中醫診所,,,,,,,,,23.8169206,120.8539756,google_maps_result,醫療機構與人員基本資料,https://dep.mohw.gov.tw/doma/fp-4926-54415-106.html,,南投縣水里鄉民生路387號1樓,049-2777153,,,,,,,,,,,,,3838111142,南投縣水里鄉,"中醫一般科,"
medical,水里社區基督聯合診所,,,,,,,,,23.8178534,120.85513499999999,google_maps_result,醫療機構與人員基本資料,https://dep.mohw.gov.tw/doma/fp-4926-54415-106.html,,南投縣水里鄉中正路38號,0492871999,,,,,,,,,,,,,3538111619,南投縣水里鄉,"家庭醫學科,內科,外科,骨科,復健科,"
medical,南投縣水里鄉衛生所,,,,,,,,,23.810606099999998,120.84908689999999,google_maps_result,醫療機構與人員基本資料,https://dep.mohw.gov.tw/doma/fp-4926-54415-106.html,,南投縣水里鄉博愛路205號,049-2770079,,,,,,,,,,,,,2338110019,南投縣水里鄉,"家庭醫學科,"
medical,博愛診所,,,,,,,,,23.811659199999998,120.8558233,google_maps_result,醫療機構與人員基本資料,https://dep.mohw.gov.tw/doma/fp-4926-54415-106.html,,南投縣水里鄉民生路126號,0910546828,,,,,,,,,,,,,3538111422,南投縣水里鄉,"家庭醫學科,外科,"
medical,劉眼科診所,,,,,,,,,23.8170745,120.852055,google_maps_result,醫療機構與人員基本資料,https://dep.mohw.gov.tw/doma/fp-4926-54415-106.html,,南投縣水里鄉民權路189號,049-2777799,,,,,,,,,,,,,3538110121,南投縣水里鄉,"眼科,"
medical,信望愛診所,,,,,,,,,23.810394199999998,120.8512197,google_maps_result,醫療機構與人員基本資料,https://dep.mohw.gov.tw/doma/fp-4926-54415-106.html,,南投縣水里鄉民族路362號1樓,049-2770000,,,,,,,,,,,,,3538111566,南投縣水里鄉,"家庭醫學科,"
medical,保生堂中醫診所,,,,,,,,,23.8177286,120.8529897,google_maps_result,醫療機構與人員基本資料,https://dep.mohw.gov.tw/doma/fp-4926-54415-106.html,,南投縣水里鄉民權路210號1樓,049-2770115,,,,,,,,,,,,,3838111115,南投縣水里鄉,"中醫一般科,"
medical,瑞斌診所,,,,,,,,,23.8175299,120.8526212,google_maps_result,醫療機構與人員基本資料,https://dep.mohw.gov.tw/doma/fp-4926-54415-106.html,,南投縣水里鄉民權路230及232號,049-2778877,,,,,,,,,,,,,3538111468,南投縣水里鄉,"家庭醫學科,"
medical,慶聲診所,,,,,,,,,23.8167048,120.85408229999999,google_maps_result,醫療機構與人員基本資料,https://dep.mohw.gov.tw/doma/fp-4926-54415-106.html,,南投縣水里鄉民生路377號,049-2770957,,,,,,,,,,,,,3538110032,南投縣水里鄉,"內科,"
medical,寶光中醫診所,,,,,,,,,23.8135719,120.8549475,google_maps_result,醫療機構與人員基本資料,https://dep.mohw.gov.tw/doma/fp-4926-54415-106.html,,南投縣水里鄉民族路356號1樓,0923-829758,,,,,,,,,,,,,3838111133,南投縣水里鄉,"中醫一般科,"
medical,澄清診所,,,,,,,,,23.8115974,120.8555602,google_maps_result,醫療機構與人員基本資料,https://dep.mohw.gov.tw/doma/fp-4926-54415-106.html,,南投縣水里鄉民生路201及203號1樓,049-2776160,,,,,,,,,,,,,3538111600,南投縣水里鄉,"家庭醫學科,"
medical,人和診所,,,,,,,,,23.776443,120.89697199999999,google_maps_result,醫療機構與人員基本資料,https://dep.mohw.gov.tw/doma/fp-4926-54415-106.html,,南投縣信義鄉人和村民生巷68號1樓,049-2777369,,,,,,,,,,,,,3538121286,南投縣信義鄉,"家庭醫學科,"
medical,地利診所,,,,,,,,,23.7936588,120.9418546,google_maps_result,醫療機構與人員基本資料,https://dep.mohw.gov.tw/doma/fp-4926-54415-106.html,,南投縣信義鄉地利村開信巷121號,049-274 2321,,,,,,,,,,,,,3538121375,南投縣信義鄉,"家庭醫學科,"
medical,同富牙醫診所,,,,,,,,,23.5922908,120.8899033,google_maps_result,醫療機構與人員基本資料,https://dep.mohw.gov.tw/doma/fp-4926-54415-106.html,,南投縣信義鄉同富村同和巷９８－４號,049-2702055,,,,,,,,,,,,,3738120023,南投縣信義鄉,"牙醫一般科,"
medical,南投縣信義鄉衛生所,,,,,,,,,23.696291,120.85467109999999,google_maps_result,醫療機構與人員基本資料,https://dep.mohw.gov.tw/doma/fp-4926-54415-106.html,,南投縣信義鄉玉山路45號,049-2791148,,,,,,,,,,,,,2338120015,南投縣信義鄉,"西醫一般科,"
medical,懷恩診所,,,,,,,,,23.6958479,120.85489059999999,google_maps_result,醫療機構與人員基本資料,https://dep.mohw.gov.tw/doma/fp-4926-54415-106.html,,南投縣信義鄉玉山路２９－１號,049-2792257,,,,,,,,,,,,,3538121259,南投縣信義鄉,"家庭醫學科,"
medical,親民內科診所,,,,,,,,,23.5918766,120.8894522,google_maps_result,醫療機構與人員基本資料,https://dep.mohw.gov.tw/doma/fp-4926-54415-106.html,,南投縣信義鄉同和巷99號,049-2702308,,,,,,,,,,,,,3538121188,南投縣信義鄉,"內科,"
medical,吉龍診所,,,,,,,,,23.5922187,120.88891009999999,google_maps_result,醫療機構與人員基本資料,https://dep.mohw.gov.tw/doma/fp-4926-54415-106.html,,南投縣信義鄉同富村同和巷67-1號,702702,,,,,,,,,,,,,3538121197,南投縣信義鄉,"家庭醫學科,"
medical,慶安診所,,,,,,,,,23.6961649,120.8545858,google_maps_result,醫療機構與人員基本資料,https://dep.mohw.gov.tw/doma/fp-4926-54415-106.html,,南投縣信義鄉明德村新開巷100號,049-2791850,,,,,,,,,,,,,3538121179,南投縣信義鄉,"家庭醫學科,"
medical,南投縣仁愛鄉衛生所,,,,,,,,,24.0242777,121.1343823,google_maps_result,醫療機構與人員基本資料,https://dep.mohw.gov.tw/doma/fp-4926-54415-106.html,,南投縣仁愛鄉大同村五福巷17號,049-2802341,,,,,,,,,,,,,2338130011,南投縣仁愛鄉,"西醫一般科,"
medical,健安診所,,,,,,,,,24.022998899999997,121.1327019,google_maps_result,醫療機構與人員基本資料,https://dep.mohw.gov.tw/doma/fp-4926-54415-106.html,,南投縣仁愛鄉大同村仁和路１08號,049-2802250,,,,,,,,,,,,,3538131059,南投縣仁愛鄉,"西醫一般科,"
medical,路加診所,,,,,,,,,24.0223388,121.13194639999999,google_maps_result,醫療機構與人員基本資料,https://dep.mohw.gov.tw/doma/fp-4926-54415-106.html,,南投縣仁愛鄉大同村仁和路55號,049-2802188,,,,,,,,,,,,,3538131095,南投縣仁愛鄉,"家庭醫學科,"
medical,謝榮次診所,,,,,,,,,24.023424799999997,121.1329337,google_maps_result,醫療機構與人員基本資料,https://dep.mohw.gov.tw/doma/fp-4926-54415-106.html,,南投縣仁愛鄉大同村仁和路148之1號,0980672206；049-2801823,,,,,,,,,,,,,3538131139,南投縣仁愛鄉,"內科,"
medical,聖本篤診所,,,,,,,,,24.023173,121.13227099999999,google_maps_result,醫療機構與人員基本資料,https://dep.mohw.gov.tw/doma/fp-4926-54415-106.html,,南投縣仁愛鄉大同村仁和路153號,049-2802922,,,,,,,,,,,,,3538131157,南投縣仁愛鄉,"家庭醫學科,"
